{"dificultad": "facil", "tiempo": 100, "next_level": "level5", "record": {"puntos": 4770, "dorados": [1, 0], "bonus": true, "tiempo": 9.53900000000001}, "mapa": {"0": {"0": "x", "1": "x", "2": "x", "3": "x", "4": "x", "5": "x", "6": "x", "7": "x", "8": "x", "9": "x", "10": "x", "11": "x", "12": "x", "13": "x", "14": "x", "15": "x", "16": "x", "17": "x", "18": "x", "19": "x", "20": "x", "21": "x", "22": "x", "23": "x", "24": "x", "25": "x", "26": "x", "27": "x", "28": "x", "29": "x", "30": "x", "31": "x", "32": "x", "33": "x", "34": "x", "35": "x", "36": "x", "37": "x", "38": "x", "39": "x", "40": "x", "41": "x", "42": "x", "43": "x", "44": "x", "45": "x", "46": "x", "47": "x", "48": "x", "49": "x"}, "1": {"0": "x", "1": "x", "2": "x", "3": "x", "4": "x", "5": "x", "6": "x", "7": "x", "8": "x", "9": "x", "10": "x", "11": "x", "12": "x", "13": "x", "14": "x", "15": "x", "16": "x", "17": "x", "18": "x", "19": "x", "20": "c", "21": "x", "22": "x", "23": "x", "24": "x", "25": "x", "26": "x", "27": "x", "28": "x", "29": "x", "30": "x", "31": "x", "32": "x", "33": "x", "34": "x", "35": "x", "36": "x", "37": "x", "38": "x", "39": "x", "40": "x", "41": "x", "42": "x", "43": "x", "44": "x", "45": "x", "46": "x", "47": "x", "48": "x", "49": "x"}, "2": {"0": "x", "1": "x", "2": "x", "3": "x", "4": "x", "5": "x", "6": "x", "7": "x", "8": "x", "9": "x", "10": "x", "11": "x", "12": "x", "13": "x", "14": "x", "15": "x", "16": "x", "17": "x", "18": "x", "19": "x", "20": "x", "21": "x", "22": "x", "23": "x", "24": "x", "25": "x", "26": "x", "27": "x", "28": "x", "29": "x", "30": "x", "31": "x", "32": "x", "33": "x", "34": "x", "35": "x", "36": "x", "37": "x", "38": "x", "39": "x", "40": "x", "41": "x", "42": "x", "43": "x", "44": "x", "45": "x", "46": "x", "47": "x", "48": "x", "49": "x"}, "3": {"0": "x", "1": "x", "2": "x", "3": "x", "4": "x", "5": "x", "6": "x", "7": "x", "8": "x", "9": "x", "10": "x", "11": "x", "12": "x", "13": "x", "14": "x", "15": "x", "16": "x", "17": "x", "18": "x", "19": "x", "20": "x", "21": "x", "22": "x", "23": "x", "24": "x", "25": "x", "26": "x", "27": "x", "28": "x", "29": "x", "30": "x", "31": "x", "32": "x", "33": "x", "34": "x", "35": "x", "36": "x", "37": "x", "38": "x", "39": "x", "40": "x", "41": "x", "42": "x", "43": "x", "44": "x", "45": "x", "46": "x", "47": "x", "48": "x", "49": "x"}, "4": {"0": "x", "1": "x", "2": "x", "3": "x", "4": "x", "5": "x", "6": "x", "7": "x", "8": "x", "9": "x", "10": "x", "11": "x", "12": "x", "13": "x", "14": "x", "15": "x", "16": "x", "17": "x", "18": "x", "19": "x", "20": "x", "21": "x", "22": "x", "23": "x", "24": "x", "25": "x", "26": "x", "27": "x", "28": "x", "29": "x", "30": "x", "31": "x", "32": "x", "33": "x", "34": "x", "35": "x", "36": "x", "37": "x", "38": "x", "39": "x", "40": "x", "41": "x", "42": "x", "43": "x", "44": "x", "45": "x", "46": "x", "47": "x", "48": "x", "49": "x"}, "5": {"0": "x", "1": "x", "2": "x", "3": "x", "4": "x", "5": "x", "6": "x", "7": "x", "8": "x", "9": "x", "10": "x", "11": "x", "12": "x", "13": "x", "14": "x", "15": "x", "16": "x", "17": "x", "18": "x", "19": "x", "20": "x", "21": "x", "22": "x", "23": "x", "24": "x", "25": "x", "26": "x", "27": "x", "28": "x", "29": "x", "30": "x", "31": "x", "32": "x", "33": "x", "34": "x", "35": "x", "36": "x", "37": "x", "38": "x", "39": "x", "40": "x", "41": "x", "42": "x", "43": "x", "44": "x", "45": "x", "46": "x", "47": "x", "48": "x", "49": "x"}, "6": {"0": "x", "1": "x", "2": "x", "3": "x", "4": "x", "5": "x", "6": "x", "7": "x", "8": "x", "9": "x", "10": "x", "11": "x", "12": "x", "13": "x", "14": "x", "15": "x", "16": "x", "17": "x", "18": "x", "19": "x", "20": "x", "21": "x", "22": "x", "23": "x", "24": "x", "25": "x", "26": "x", "27": "x", "28": "x", "29": "x", "30": "x", "31": "x", "32": "x", "33": "x", "34": "x", "35": "x", "36": "x", "37": "x", "38": "x", "39": "x", "40": "x", "41": "x", "42": "x", "43": "x", "44": "x", "45": "x", "46": "x", "47": "x", "48": "x", "49": "x"}, "7": {"0": "x", "1": "x", "2": "x", "3": "x", "4": "x", "5": "x", "6": "A", "7": "x", "8": "x", "9": "x", "10": "x", "11": "x", "12": "x", "13": "x", "14": "x", "15": "x", "16": "x", "17": "x", "18": "x", "19": "x", "20": "x", "21": "x", "22": "x", "23": "x", "24": "x", "25": "x", "26": "x", "27": "x", "28": "x", "29": "x", "30": "x", "31": "x", "32": "x", "33": "x", "34": "x", "35": "x", "36": "x", "37": "x", "38": "x", "39": "x", "40": "x", "41": "x", "42": "x", "43": "x", "44": "x", "45": "x", "46": "x", "47": "x", "48": "x", "49": "x"}, "8": {"0": "x", "1": "x", "2": "x", "3": "x", "4": "x", "5": "x", "6": "x", "7": "x", "8": "x", "9": "x", "10": "x", "11": "x", "12": "x", "13": "x", "14": "x", "15": "x", "16": "O", "17": "x", "18": "x", "19": "x", "20": "x", "21": "x", "22": "x", "23": "x", "24": "x", "25": "x", "26": "x", "27": "x", "28": "x", "29": "x", "30": "x", "31": "x", "32": "x", "33": "x", "34": "x", "35": "O", "36": "x", "37": "x", "38": "x", "39": "x", "40": "x", "41": "x", "42": "x", "43": "G", "44": "x", "45": "x", "46": "x", "47": "p", "48": "x", "49": "x"}, "9": {"0": "x", "1": "x", "2": "x", "3": "x", "4": "x", "5": "x", "6": "x", "7": "x", "8": "x", "9": "x", "10": "x", "11": "x", "12": "x", "13": "x", "14": "i", "15": "i", "16": "i", "17": "i", "18": "i", "19": "i", "20": "i", "21": "i", "22": "i", "23": "i", "24": "i", "25": "i", "26": "i", "27": "i", "28": "x", "29": "x", "30": "x", "31": "x", "32": "x", "33": "x", "34": "i", "35": "i", "36": "i", "37": "i", "38": "i", "39": "i", "40": "i", "41": "i", "42": "i", "43": "i", "44": "i", "45": "i", "46": "i", "47": "i", "48": "i", "49": "i"}, "10": {"0": "x", "1": "x", "2": "x", "3": "x", "4": "x", "5": "x", "6": "x", "7": "x", "8": "x", "9": "x", "10": "x", "11": "x", "12": "x", "13": "x", "14": "x", "15": "x", "16": "x", "17": "x", "18": "x", "19": "x", "20": "x", "21": "x", "22": "x", "23": "x", "24": "x", "25": "x", "26": "x", "27": "x", "28": "x", "29": "x", "30": "x", "31": "x", "32": "x", "33": "x", "34": "x", "35": "x", "36": "x", "37": "x", "38": "x", "39": "x", "40": "x", "41": "x", "42": "x", "43": "x", "44": "x", "45": "x", "46": "x", "47": "x", "48": "x", "49": "x"}, "11": {"0": "x", "1": "x", "2": "x", "3": "x", "4": "x", "5": "x", "6": "x", "7": "x", "8": "x", "9": "x", "10": "x", "11": "x", "12": "x", "13": "x", "14": "x", "15": "x", "16": "x", "17": "x", "18": "x", "19": "x", "20": "x", "21": "x", "22": "x", "23": "x", "24": "x", "25": "x", "26": "x", "27": "x", "28": "x", "29": "x", "30": "x", "31": "x", "32": "x", "33": "x", "34": "x", "35": "x", "36": "x", "37": "x", "38": "x", "39": "x", "40": "x", "41": "x", "42": "x", "43": "x", "44": "x", "45": "x", "46": "x", "47": "x", "48": "x", "49": "x"}, "12": {"0": "x", "1": "x", "2": "x", "3": "x", "4": "x", "5": "x", "6": "x", "7": "x", "8": "x", "9": "x", "10": "x", "11": "x", "12": "x", "13": "x", "14": "x", "15": "x", "16": "x", "17": "x", "18": "x", "19": "x", "20": "x", "21": "x", "22": "x", "23": "x", "24": "x", "25": "x", "26": "x", "27": "x", "28": "x", "29": "x", "30": "x", "31": "x", "32": "x", "33": "x", "34": "x", "35": "x", "36": "x", "37": "x", "38": "x", "39": "x", "40": "x", "41": "x", "42": "x", "43": "x", "44": "x", "45": "x", "46": "x", "47": "x", "48": "x", "49": "x"}, "13": {"0": "x", "1": "x", "2": "S", "3": "x", "4": "x", "5": "x", "6": "x", "7": "x", "8": "x", "9": "x", "10": "x", "11": "x", "12": "x", "13": "x", "14": "x", "15": "x", "16": "x", "17": "x", "18": "x", "19": "x", "20": "x", "21": "x", "22": "x", "23": "x", "24": "x", "25": "x", "26": "x", "27": "x", "28": "x", "29": "x", "30": "x", "31": "x", "32": "x", "33": "x", "34": "x", "35": "x", "36": "x", "37": "x", "38": "x", "39": "x", "40": "x", "41": "x", "42": "x", "43": "x", "44": "x", "45": "x", "46": "x", "47": "x", "48": "x", "49": "x"}, "14": {"0": "i", "1": "i", "2": "i", "3": "i", "4": "i", "5": "i", "6": "i", "7": "i", "8": "i", "9": "i", "10": "x", "11": "x", "12": "x", "13": "x", "14": "x", "15": "x", "16": "x", "17": "x", "18": "x", "19": "x", "20": "x", "21": "x", "22": "x", "23": "x", "24": "x", "25": "x", "26": "x", "27": "x", "28": "x", "29": "x", "30": "x", "31": "x", "32": "x", "33": "x", "34": "x", "35": "x", "36": "x", "37": "x", "38": "x", "39": "x", "40": "x", "41": "x", "42": "x", "43": "x", "44": "x", "45": "x", "46": "x", "47": "x", "48": "x", "49": "x"}}}