{"dificultad": "dificil", "tiempo": 200, "next_level": "level3", "record": {"puntos": 5610, "dorados": [1, 5, 2, 6, 7, 4, 0, 3], "bonus": true, "tiempo": 43.41999999999941}, "mapa": {"0": {"0": "x", "1": "x", "2": "x", "3": "x", "4": "x", "5": "x", "6": "x", "7": "x", "8": "x", "9": "x", "10": "x", "11": "x", "12": "x", "13": "x", "14": "x", "15": "x", "16": "x", "17": "x", "18": "x", "19": "x", "20": "x", "21": "x", "22": "x", "23": "x", "24": "x", "25": "x", "26": "x", "27": "x", "28": "x", "29": "x", "30": "x", "31": "x", "32": "x", "33": "x", "34": "x", "35": "x", "36": "x", "37": "x", "38": "x", "39": "x", "40": "x", "41": "x", "42": "x", "43": "x", "44": "x", "45": "x", "46": "x", "47": "A", "48": "x", "49": "x", "50": "x", "51": "x", "52": "x", "53": "x", "54": "x", "55": "x", "56": "x", "57": "x", "58": "x", "59": "x", "60": "x", "61": "x", "62": "x", "63": "x", "64": "x", "65": "x", "66": "x", "67": "x", "68": "x", "69": "x", "70": "x", "71": "A", "72": "x", "73": "x", "74": "A", "75": "x", "76": "x", "77": "x", "78": "x", "79": "x", "80": "x", "81": "iS", "82": "iS", "83": "x", "84": "x", "85": "x", "86": "x", "87": "x", "88": "x", "89": "x", "90": "x", "91": "x", "92": "x", "93": "x", "94": "x", "95": "x", "96": "x", "97": "x", "98": "x", "99": "x", "100": "x", "101": "x", "102": "x", "103": "x", "104": "x", "105": "x", "106": "x", "107": "x", "108": "rf", "109": "x", "110": "rf", "111": "x", "112": "x", "113": "x", "114": "x", "115": "x", "116": "x", "117": "x", "118": "x", "119": "x", "120": "x", "121": "x", "122": "x", "123": "x", "124": "x", "125": "x", "126": "x", "127": "x"}, "1": {"0": "x", "1": "x", "2": "x", "3": "rf", "4": "x", "5": "x", "6": "x", "7": "x", "8": "x", "9": "x", "10": "x", "11": "x", "12": "x", "13": "x", "14": "x", "15": "x", "16": "x", "17": "x", "18": "x", "19": "x", "20": "x", "21": "x", "22": "x", "23": "x", "24": "x", "25": "x", "26": "x", "27": "x", "28": "x", "29": "x", "30": "x", "31": "x", "32": "x", "33": "x", "34": "x", "35": "x", "36": "x", "37": "x", "38": "x", "39": "x", "40": "x", "41": "x", "42": "x", "43": "x", "44": "x", "45": "A", "46": "x", "47": "x", "48": "x", "49": "x", "50": "x", "51": "x", "52": "x", "53": "x", "54": "x", "55": "x", "56": "x", "57": "bf", "58": "x", "59": "x", "60": "x", "61": "x", "62": "x", "63": "x", "64": "x", "65": "x", "66": "l", "67": "x", "68": "x", "69": "x", "70": "x", "71": "x", "72": "x", "73": "x", "74": "x", "75": "x", "76": "x", "77": "x", "78": "x", "79": "x", "80": "x", "81": "d", "82": "x", "83": "x", "84": "x", "85": "x", "86": "x", "87": "x", "88": "A", "89": "x", "90": "x", "91": "x", "92": "x", "93": "x", "94": "x", "95": "x", "96": "x", "97": "x", "98": "x", "99": "x", "100": "x", "101": "x", "102": "x", "103": "bf", "104": "x", "105": "ws", "106": "ws", "107": "ws", "108": "i", "109": "x", "110": "i", "111": "x", "112": "x", "113": "ws", "114": "ws", "115": "i", "116": "x", "117": "x", "118": "x", "119": "x", "120": "x", "121": "x", "122": "x", "123": "x", "124": "x", "125": "x", "126": "x", "127": "x"}, "2": {"0": "x", "1": "d", "2": "x", "3": "x", "4": "x", "5": "x", "6": "x", "7": "x", "8": "x", "9": "x", "10": "x", "11": "x", "12": "x", "13": "x", "14": "x", "15": "x", "16": "x", "17": "x", "18": "x", "19": "x", "20": "x", "21": "x", "22": "x", "23": "x", "24": "x", "25": "x", "26": "x", "27": "x", "28": "x", "29": "x", "30": "x", "31": "x", "32": "x", "33": "x", "34": "x", "35": "x", "36": "x", "37": "x", "38": "x", "39": "x", "40": "x", "41": "x", "42": "x", "43": "x", "44": "x", "45": "x", "46": "x", "47": "x", "48": "x", "49": "x", "50": "x", "51": "x", "52": "x", "53": "x", "54": "x", "55": "x", "56": "x", "57": "x", "58": "x", "59": "x", "60": "x", "61": "x", "62": "x", "63": "x", "64": "x", "65": "x", "66": "x", "67": "x", "68": "x", "69": "x", "70": "x", "71": "x", "72": "x", "73": "x", "74": "x", "75": "x", "76": "x", "77": "x", "78": "x", "79": "x", "80": "x", "81": "x", "82": "x", "83": "x", "84": "x", "85": "x", "86": "x", "87": "x", "88": "x", "89": "x", "90": "x", "91": "x", "92": "x", "93": "x", "94": "x", "95": "x", "96": "x", "97": "x", "98": "x", "99": "x", "100": "x", "101": "x", "102": "x", "103": "x", "104": "x", "105": "i", "106": "i", "107": "i", "108": "iS", "109": "f", "110": "iS", "111": "f", "112": "x", "113": "i", "114": "i", "115": "iS", "116": "x", "117": "x", "118": "x", "119": "x", "120": "x", "121": "x", "122": "x", "123": "x", "124": "x", "125": "x", "126": "x", "127": "x"}, "3": {"0": "x", "1": "i", "2": "x", "3": "x", "4": "x", "5": "x", "6": "x", "7": "x", "8": "x", "9": "x", "10": "ws", "11": "ws", "12": "ws", "13": "x", "14": "x", "15": "x", "16": "x", "17": "x", "18": "A", "19": "x", "20": "x", "21": "x", "22": "ws", "23": "x", "24": "x", "25": "x", "26": "ps", "27": "x", "28": "x", "29": "x", "30": "x", "31": "x", "32": "x", "33": "x", "34": "ws", "35": "x", "36": "x", "37": "x", "38": "d", "39": "x", "40": "x", "41": "x", "42": "x", "43": "x", "44": "x", "45": "x", "46": "x", "47": "x", "48": "x", "49": "x", "50": "x", "51": "x", "52": "x", "53": "x", "54": "x", "55": "x", "56": "x", "57": "x", "58": "x", "59": "x", "60": "x", "61": "x", "62": "x", "63": "x", "64": "c", "65": "x", "66": "x", "67": "x", "68": "x", "69": "x", "70": "x", "71": "x", "72": "x", "73": "x", "74": "x", "75": "x", "76": "x", "77": "x", "78": "x", "79": "x", "80": "x", "81": "x", "82": "x", "83": "i", "84": "x", "85": "x", "86": "x", "87": "x", "88": "x", "89": "x", "90": "x", "91": "x", "92": "x", "93": "x", "94": "x", "95": "x", "96": "x", "97": "x", "98": "x", "99": "x", "100": "x", "101": "x", "102": "x", "103": "rv", "104": "x", "105": "x", "106": "x", "107": "x", "108": "x", "109": "x", "110": "x", "111": "x", "112": "x", "113": "x", "114": "x", "115": "x", "116": "x", "117": "x", "118": "x", "119": "x", "120": "x", "121": "x", "122": "x", "123": "x", "124": "x", "125": "x", "126": "x", "127": "x"}, "4": {"0": "x", "1": "x", "2": "x", "3": "x", "4": "bf", "5": "bf", "6": "bf", "7": "x", "8": "x", "9": "x", "10": "x", "11": "x", "12": "x", "13": "x", "14": "x", "15": "x", "16": "x", "17": "x", "18": "x", "19": "x", "20": "x", "21": "x", "22": "rv", "23": "x", "24": "x", "25": "i", "26": "i", "27": "i", "28": "x", "29": "x", "30": "x", "31": "x", "32": "x", "33": "x", "34": "x", "35": "x", "36": "O", "37": "x", "38": "x", "39": "x", "40": "x", "41": "x", "42": "x", "43": "x", "44": "x", "45": "x", "46": "x", "47": "rv", "48": "x", "49": "x", "50": "x", "51": "x", "52": "x", "53": "x", "54": "x", "55": "x", "56": "x", "57": "rv", "58": "x", "59": "x", "60": "x", "61": "A", "62": "x", "63": "x", "64": "x", "65": "x", "66": "x", "67": "x", "68": "x", "69": "x", "70": "x", "71": "x", "72": "x", "73": "x", "74": "x", "75": "x", "76": "x", "77": "x", "78": "x", "79": "x", "80": "x", "81": "x", "82": "x", "83": "x", "84": "x", "85": "x", "86": "x", "87": "x", "88": "x", "89": "x", "90": "x", "91": "ws", "92": "ws", "93": "ws", "94": "x", "95": "x", "96": "A", "97": "x", "98": "x", "99": "x", "100": "x", "101": "x", "102": "x", "103": "x", "104": "x", "105": "x", "106": "x", "107": "d", "108": "x", "109": "x", "110": "x", "111": "x", "112": "x", "113": "x", "114": "x", "115": "x", "116": "x", "117": "x", "118": "x", "119": "x", "120": "x", "121": "p", "122": "x", "123": "x", "124": "x", "125": "x", "126": "x", "127": "x"}, "5": {"0": "x", "1": "x", "2": "x", "3": "x", "4": "rh", "5": "x", "6": "x", "7": "x", "8": "x", "9": "x", "10": "i", "11": "i", "12": "i", "13": "x", "14": "x", "15": "x", "16": "x", "17": "x", "18": "x", "19": "x", "20": "ws", "21": "x", "22": "x", "23": "x", "24": "x", "25": "x", "26": "x", "27": "x", "28": "x", "29": "rh", "30": "x", "31": "x", "32": "f", "33": "f", "34": "i", "35": "i", "36": "i", "37": "i", "38": "i", "39": "f", "40": "f", "41": "x", "42": "x", "43": "x", "44": "x", "45": "x", "46": "x", "47": "x", "48": "x", "49": "rh", "50": "x", "51": "x", "52": "x", "53": "x", "54": "bf", "55": "bf", "56": "x", "57": "x", "58": "x", "59": "x", "60": "x", "61": "x", "62": "i", "63": "x", "64": "x", "65": "T", "66": "x", "67": "x", "68": "i", "69": "x", "70": "x", "71": "x", "72": "x", "73": "d", "74": "x", "75": "x", "76": "x", "77": "bf", "78": "x", "79": "x", "80": "x", "81": "bf", "82": "x", "83": "x", "84": "x", "85": "i", "86": "i", "87": "x", "88": "x", "89": "x", "90": "x", "91": "x", "92": "x", "93": "x", "94": "x", "95": "x", "96": "x", "97": "x", "98": "x", "99": "x", "100": "x", "101": "ps", "102": "x", "103": "x", "104": "x", "105": "x", "106": "x", "107": "x", "108": "x", "109": "x", "110": "x", "111": "x", "112": "ps", "113": "x", "114": "x", "115": "x", "116": "ws", "117": "x", "118": "rv", "119": "x", "120": "x", "121": "x", "122": "x", "123": "x", "124": "x", "125": "x", "126": "x", "127": "x"}, "6": {"0": "x", "1": "x", "2": "x", "3": "x", "4": "x", "5": "x", "6": "x", "7": "i", "8": "i", "9": "i", "10": "iS", "11": "iS", "12": "iS", "13": "i", "14": "i", "15": "x", "16": "x", "17": "ws", "18": "x", "19": "x", "20": "rv", "21": "x", "22": "x", "23": "x", "24": "x", "25": "d", "26": "x", "27": "x", "28": "x", "29": "x", "30": "x", "31": "x", "32": "x", "33": "x", "34": "x", "35": "iS", "36": "iS", "37": "iS", "38": "iS", "39": "x", "40": "x", "41": "x", "42": "i", "43": "i", "44": "i", "45": "x", "46": "x", "47": "x", "48": "x", "49": "x", "50": "x", "51": "x", "52": "i", "53": "i", "54": "i", "55": "i", "56": "f", "57": "f", "58": "f", "59": "i", "60": "i", "61": "x", "62": "iS", "63": "i", "64": "i", "65": "i", "66": "i", "67": "i", "68": "iS", "69": "x", "70": "x", "71": "x", "72": "x", "73": "x", "74": "x", "75": "x", "76": "x", "77": "x", "78": "x", "79": "x", "80": "x", "81": "x", "82": "x", "83": "x", "84": "x", "85": "iS", "86": "iS", "87": "i", "88": "x", "89": "x", "90": "x", "91": "x", "92": "x", "93": "x", "94": "x", "95": "x", "96": "x", "97": "x", "98": "x", "99": "ps", "100": "i", "101": "i", "102": "b", "103": "x", "104": "x", "105": "x", "106": "x", "107": "i", "108": "i", "109": "i", "110": "x", "111": "x", "112": "i", "113": "i", "114": "x", "115": "rh", "116": "x", "117": "x", "118": "x", "119": "x", "120": "x", "121": "x", "122": "x", "123": "x", "124": "x", "125": "x", "126": "x", "127": "x"}, "7": {"0": "x", "1": "S", "2": "x", "3": "x", "4": "x", "5": "x", "6": "x", "7": "iS", "8": "iS", "9": "iS", "10": "iS", "11": "iS", "12": "iS", "13": "iS", "14": "iS", "15": "i", "16": "x", "17": "rh", "18": "x", "19": "x", "20": "x", "21": "x", "22": "rh", "23": "x", "24": "x", "25": "i", "26": "i", "27": "x", "28": "x", "29": "x", "30": "x", "31": "x", "32": "x", "33": "x", "34": "x", "35": "x", "36": "iS", "37": "iS", "38": "iS", "39": "x", "40": "x", "41": "d", "42": "iS", "43": "iS", "44": "iS", "45": "b", "46": "x", "47": "x", "48": "x", "49": "x", "50": "x", "51": "x", "52": "iS", "53": "p", "54": "x", "55": "x", "56": "x", "57": "d", "58": "x", "59": "x", "60": "x", "61": "x", "62": "x", "63": "x", "64": "iS", "65": "iS", "66": "iS", "67": "x", "68": "x", "69": "f", "70": "i", "71": "i", "72": "i", "73": "f", "74": "i", "75": "i", "76": "i", "77": "x", "78": "i", "79": "i", "80": "x", "81": "x", "82": "i", "83": "i", "84": "x", "85": "x", "86": "iS", "87": "iS", "88": "i", "89": "x", "90": "O", "91": "x", "92": "i", "93": "x", "94": "x", "95": "x", "96": "x", "97": "ps", "98": "i", "99": "i", "100": "iS", "101": "iS", "102": "iS", "103": "x", "104": "x", "105": "x", "106": "x", "107": "x", "108": "x", "109": "x", "110": "x", "111": "x", "112": "x", "113": "x", "114": "x", "115": "x", "116": "x", "117": "x", "118": "x", "119": "x", "120": "O", "121": "x", "122": "G", "123": "x", "124": "x", "125": "x", "126": "x", "127": "x"}, "8": {"0": "i", "1": "i", "2": "i", "3": "x", "4": "x", "5": "x", "6": "b", "7": "iS", "8": "iS", "9": "iS", "10": "iS", "11": "iS", "12": "iS", "13": "iS", "14": "iS", "15": "iS", "16": "x", "17": "x", "18": "x", "19": "x", "20": "x", "21": "x", "22": "x", "23": "x", "24": "x", "25": "x", "26": "x", "27": "x", "28": "x", "29": "x", "30": "x", "31": "x", "32": "x", "33": "x", "34": "x", "35": "x", "36": "x", "37": "iS", "38": "iS", "39": "x", "40": "x", "41": "i", "42": "iS", "43": "iS", "44": "iS", "45": "iS", "46": "x", "47": "x", "48": "x", "49": "x", "50": "x", "51": "x", "52": "iS", "53": "i", "54": "i", "55": "i", "56": "i", "57": "i", "58": "i", "59": "i", "60": "i", "61": "rh", "62": "x", "63": "x", "64": "iS", "65": "iS", "66": "iS", "67": "x", "68": "x", "69": "x", "70": "iS", "71": "iS", "72": "iS", "73": "iS", "74": "iS", "75": "iS", "76": "iS", "77": "x", "78": "x", "79": "x", "80": "x", "81": "x", "82": "x", "83": "x", "84": "x", "85": "x", "86": "x", "87": "iS", "88": "iS", "89": "i", "90": "i", "91": "i", "92": "iS", "93": "x", "94": "x", "95": "i", "96": "i", "97": "i", "98": "iS", "99": "iS", "100": "iS", "101": "iS", "102": "iS", "103": "x", "104": "x", "105": "x", "106": "x", "107": "x", "108": "x", "109": "x", "110": "x", "111": "x", "112": "x", "113": "x", "114": "x", "115": "x", "116": "x", "117": "x", "118": "x", "119": "i", "120": "i", "121": "i", "122": "i", "123": "i", "124": "i", "125": "i", "126": "i", "127": "i"}}}