{"dificultad": "facil", "tiempo": 150, "next_level": "level4", "record": {"puntos": 6875, "dorados": [1, 4, 2, 6, 3, 7, 5, 0], "bonus": true, "tiempo": 39.467999999999016}, "mapa": {"0": {"0": "x", "1": "x", "2": "x", "3": "x", "4": "x", "5": "x", "6": "x", "7": "x", "8": "x", "9": "x", "10": "x", "11": "x", "12": "x", "13": "x", "14": "x", "15": "x", "16": "x", "17": "x", "18": "x", "19": "x", "20": "x", "21": "x", "22": "x", "23": "x", "24": "x", "25": "x", "26": "x", "27": "x", "28": "x", "29": "x", "30": "x", "31": "x", "32": "x", "33": "x", "34": "x", "35": "x", "36": "x", "37": "x", "38": "x", "39": "x", "40": "x", "41": "x", "42": "x", "43": "x", "44": "x", "45": "x", "46": "x", "47": "x", "48": "x", "49": "x", "50": "x", "51": "x", "52": "x", "53": "x", "54": "x", "55": "x", "56": "x", "57": "x", "58": "x", "59": "x", "60": "x", "61": "x", "62": "x", "63": "x", "64": "x", "65": "x", "66": "x", "67": "x", "68": "x", "69": "x", "70": "x", "71": "x", "72": "x", "73": "x", "74": "x", "75": "x", "76": "x", "77": "x", "78": "x", "79": "d", "80": "x", "81": "x", "82": "x", "83": "x", "84": "x", "85": "x", "86": "x", "87": "x", "88": "x", "89": "x", "90": "x", "91": "x", "92": "x", "93": "x", "94": "x", "95": "x", "96": "x", "97": "x", "98": "x", "99": "x"}, "1": {"0": "x", "1": "x", "2": "x", "3": "x", "4": "x", "5": "x", "6": "x", "7": "x", "8": "x", "9": "x", "10": "x", "11": "x", "12": "x", "13": "x", "14": "x", "15": "x", "16": "x", "17": "x", "18": "x", "19": "x", "20": "x", "21": "x", "22": "x", "23": "x", "24": "A", "25": "x", "26": "x", "27": "x", "28": "x", "29": "x", "30": "x", "31": "x", "32": "x", "33": "x", "34": "x", "35": "x", "36": "x", "37": "x", "38": "x", "39": "x", "40": "x", "41": "x", "42": "x", "43": "ps", "44": "x", "45": "x", "46": "x", "47": "A", "48": "x", "49": "x", "50": "x", "51": "x", "52": "x", "53": "A", "54": "x", "55": "x", "56": "ps", "57": "x", "58": "x", "59": "x", "60": "x", "61": "x", "62": "x", "63": "x", "64": "x", "65": "x", "66": "x", "67": "x", "68": "x", "69": "x", "70": "x", "71": "x", "72": "x", "73": "x", "74": "x", "75": "x", "76": "x", "77": "ws", "78": "x", "79": "x", "80": "x", "81": "x", "82": "x", "83": "x", "84": "x", "85": "x", "86": "A", "87": "x", "88": "x", "89": "x", "90": "x", "91": "x", "92": "x", "93": "x", "94": "x", "95": "x", "96": "x", "97": "x", "98": "x", "99": "x"}, "2": {"0": "x", "1": "x", "2": "x", "3": "x", "4": "x", "5": "d", "6": "x", "7": "x", "8": "x", "9": "x", "10": "x", "11": "x", "12": "x", "13": "x", "14": "x", "15": "x", "16": "x", "17": "x", "18": "x", "19": "x", "20": "x", "21": "A", "22": "x", "23": "x", "24": "x", "25": "x", "26": "x", "27": "A", "28": "x", "29": "x", "30": "x", "31": "x", "32": "x", "33": "x", "34": "x", "35": "x", "36": "x", "37": "d", "38": "x", "39": "x", "40": "x", "41": "x", "42": "x", "43": "x", "44": "x", "45": "x", "46": "x", "47": "x", "48": "x", "49": "x", "50": "x", "51": "x", "52": "x", "53": "x", "54": "x", "55": "x", "56": "x", "57": "x", "58": "x", "59": "x", "60": "x", "61": "x", "62": "x", "63": "x", "64": "x", "65": "x", "66": "x", "67": "x", "68": "x", "69": "x", "70": "x", "71": "x", "72": "x", "73": "x", "74": "x", "75": "x", "76": "x", "77": "rh", "78": "x", "79": "x", "80": "x", "81": "x", "82": "x", "83": "x", "84": "x", "85": "x", "86": "x", "87": "x", "88": "x", "89": "x", "90": "x", "91": "x", "92": "x", "93": "x", "94": "x", "95": "x", "96": "x", "97": "x", "98": "x", "99": "x"}, "3": {"0": "x", "1": "x", "2": "x", "3": "x", "4": "x", "5": "x", "6": "x", "7": "x", "8": "x", "9": "x", "10": "x", "11": "x", "12": "x", "13": "x", "14": "x", "15": "x", "16": "x", "17": "x", "18": "x", "19": "x", "20": "x", "21": "x", "22": "x", "23": "x", "24": "x", "25": "x", "26": "x", "27": "x", "28": "x", "29": "x", "30": "x", "31": "x", "32": "ps", "33": "x", "34": "x", "35": "x", "36": "x", "37": "A", "38": "x", "39": "x", "40": "x", "41": "x", "42": "x", "43": "x", "44": "x", "45": "x", "46": "x", "47": "x", "48": "x", "49": "x", "50": "x", "51": "x", "52": "l", "53": "x", "54": "x", "55": "x", "56": "x", "57": "x", "58": "x", "59": "x", "60": "x", "61": "x", "62": "x", "63": "x", "64": "x", "65": "x", "66": "d", "67": "x", "68": "x", "69": "x", "70": "x", "71": "x", "72": "x", "73": "x", "74": "x", "75": "x", "76": "x", "77": "x", "78": "x", "79": "ws", "80": "x", "81": "x", "82": "x", "83": "x", "84": "x", "85": "x", "86": "x", "87": "x", "88": "x", "89": "x", "90": "x", "91": "x", "92": "x", "93": "x", "94": "x", "95": "x", "96": "x", "97": "x", "98": "x", "99": "x"}, "4": {"0": "x", "1": "x", "2": "x", "3": "x", "4": "ws", "5": "ws", "6": "ws", "7": "x", "8": "x", "9": "x", "10": "x", "11": "x", "12": "x", "13": "x", "14": "x", "15": "x", "16": "x", "17": "x", "18": "x", "19": "x", "20": "x", "21": "x", "22": "x", "23": "x", "24": "d", "25": "x", "26": "x", "27": "x", "28": "x", "29": "x", "30": "x", "31": "x", "32": "i", "33": "i", "34": "i", "35": "ws", "36": "x", "37": "x", "38": "x", "39": "ws", "40": "x", "41": "i", "42": "i", "43": "i", "44": "i", "45": "x", "46": "x", "47": "bf", "48": "x", "49": "x", "50": "c", "51": "x", "52": "x", "53": "bf", "54": "x", "55": "x", "56": "i", "57": "i", "58": "x", "59": "x", "60": "x", "61": "x", "62": "x", "63": "x", "64": "x", "65": "x", "66": "x", "67": "x", "68": "x", "69": "x", "70": "x", "71": "x", "72": "x", "73": "x", "74": "x", "75": "ws", "76": "x", "77": "x", "78": "ws", "79": "ws", "80": "ws", "81": "x", "82": "x", "83": "x", "84": "x", "85": "x", "86": "x", "87": "x", "88": "x", "89": "x", "90": "x", "91": "x", "92": "x", "93": "x", "94": "x", "95": "x", "96": "x", "97": "x", "98": "x", "99": "x"}, "5": {"0": "x", "1": "x", "2": "x", "3": "x", "4": "x", "5": "x", "6": "x", "7": "x", "8": "x", "9": "x", "10": "x", "11": "x", "12": "x", "13": "bf", "14": "x", "15": "x", "16": "x", "17": "x", "18": "x", "19": "x", "20": "x", "21": "bf", "22": "x", "23": "x", "24": "x", "25": "x", "26": "x", "27": "bf", "28": "x", "29": "x", "30": "x", "31": "i", "32": "iS", "33": "x", "34": "x", "35": "rv", "36": "x", "37": "ws", "38": "x", "39": "rv", "40": "x", "41": "iS", "42": "iS", "43": "iS", "44": "iS", "45": "i", "46": "x", "47": "x", "48": "x", "49": "x", "50": "x", "51": "x", "52": "x", "53": "x", "54": "x", "55": "i", "56": "iS", "57": "iS", "58": "i", "59": "x", "60": "x", "61": "x", "62": "x", "63": "x", "64": "x", "65": "x", "66": "x", "67": "x", "68": "x", "69": "x", "70": "x", "71": "x", "72": "x", "73": "x", "74": "x", "75": "rv", "76": "x", "77": "x", "78": "x", "79": "ws", "80": "x", "81": "x", "82": "x", "83": "x", "84": "x", "85": "x", "86": "x", "87": "x", "88": "x", "89": "x", "90": "x", "91": "x", "92": "x", "93": "x", "94": "x", "95": "x", "96": "x", "97": "x", "98": "x", "99": "x"}, "6": {"0": "x", "1": "S", "2": "x", "3": "x", "4": "i", "5": "i", "6": "i", "7": "x", "8": "x", "9": "x", "10": "rf", "11": "x", "12": "x", "13": "x", "14": "x", "15": "x", "16": "rf", "17": "x", "18": "rf", "19": "x", "20": "x", "21": "x", "22": "x", "23": "x", "24": "x", "25": "x", "26": "x", "27": "x", "28": "x", "29": "x", "30": "i", "31": "iS", "32": "iS", "33": "d", "34": "x", "35": "x", "36": "x", "37": "rv", "38": "x", "39": "x", "40": "x", "41": "iS", "42": "iS", "43": "iS", "44": "iS", "45": "iS", "46": "x", "47": "x", "48": "x", "49": "x", "50": "d", "51": "x", "52": "x", "53": "x", "54": "x", "55": "iS", "56": "iS", "57": "iS", "58": "iS", "59": "i", "60": "x", "61": "x", "62": "x", "63": "rf", "64": "x", "65": "x", "66": "rf", "67": "x", "68": "x", "69": "rf", "70": "x", "71": "x", "72": "bf", "73": "x", "74": "x", "75": "x", "76": "x", "77": "x", "78": "x", "79": "ws", "80": "x", "81": "x", "82": "x", "83": "O", "84": "x", "85": "x", "86": "p", "87": "x", "88": "x", "89": "O", "90": "x", "91": "ws", "92": "ps", "93": "rf", "94": "bf", "95": "d", "96": "x", "97": "G", "98": "x", "99": "x"}, "7": {"0": "i", "1": "i", "2": "i", "3": "i", "4": "iS", "5": "iS", "6": "iS", "7": "i", "8": "i", "9": "i", "10": "i", "11": "i", "12": "x", "13": "x", "14": "x", "15": "i", "16": "i", "17": "i", "18": "i", "19": "i", "20": "i", "21": "i", "22": "i", "23": "i", "24": "i", "25": "i", "26": "i", "27": "i", "28": "i", "29": "i", "30": "iS", "31": "iS", "32": "iS", "33": "i", "34": "i", "35": "i", "36": "x", "37": "x", "38": "x", "39": "x", "40": "x", "41": "iS", "42": "iS", "43": "iS", "44": "iS", "45": "iS", "46": "i", "47": "i", "48": "i", "49": "i", "50": "i", "51": "i", "52": "i", "53": "i", "54": "i", "55": "iS", "56": "iS", "57": "iS", "58": "iS", "59": "iS", "60": "i", "61": "x", "62": "rh", "63": "x", "64": "x", "65": "rh", "66": "x", "67": "x", "68": "rh", "69": "x", "70": "x", "71": "i", "72": "i", "73": "i", "74": "x", "75": "x", "76": "x", "77": "i", "78": "i", "79": "i", "80": "i", "81": "i", "82": "i", "83": "i", "84": "i", "85": "i", "86": "i", "87": "i", "88": "i", "89": "i", "90": "i", "91": "i", "92": "i", "93": "i", "94": "i", "95": "i", "96": "i", "97": "i", "98": "i", "99": "i"}, "8": {"0": "iS", "1": "iS", "2": "iS", "3": "iS", "4": "iS", "5": "iS", "6": "iS", "7": "iS", "8": "iS", "9": "iS", "10": "iS", "11": "iS", "12": "f", "13": "f", "14": "f", "15": "iS", "16": "iS", "17": "iS", "18": "iS", "19": "iS", "20": "iS", "21": "iS", "22": "iS", "23": "iS", "24": "iS", "25": "iS", "26": "iS", "27": "iS", "28": "iS", "29": "iS", "30": "iS", "31": "iS", "32": "iS", "33": "iS", "34": "iS", "35": "iS", "36": "x", "37": "x", "38": "x", "39": "x", "40": "x", "41": "iS", "42": "iS", "43": "iS", "44": "iS", "45": "iS", "46": "iS", "47": "iS", "48": "iS", "49": "iS", "50": "iS", "51": "iS", "52": "iS", "53": "iS", "54": "iS", "55": "iS", "56": "iS", "57": "iS", "58": "iS", "59": "iS", "60": "iS", "61": "x", "62": "x", "63": "x", "64": "x", "65": "x", "66": "x", "67": "x", "68": "x", "69": "x", "70": "x", "71": "iS", "72": "iS", "73": "iS", "74": "iS", "75": "iS", "76": "iS", "77": "iS", "78": "iS", "79": "iS", "80": "iS", "81": "iS", "82": "iS", "83": "iS", "84": "iS", "85": "iS", "86": "iS", "87": "iS", "88": "iS", "89": "iS", "90": "iS", "91": "iS", "92": "iS", "93": "iS", "94": "iS", "95": "iS", "96": "iS", "97": "iS", "98": "iS", "99": "iS"}}}