{"dificultad": "media", "tiempo": 200, "next_level": "level6", "record": {"puntos": 5632, "dorados": [0], "bonus": true, "tiempo": 19.09999999999968}, "mapa": {"0": {"0": "x", "1": "x", "2": "x", "3": "x", "4": "x", "5": "x", "6": "x", "7": "x", "8": "x", "9": "x", "10": "x", "11": "x", "12": "x", "13": "x", "14": "x", "15": "x", "16": "x", "17": "x", "18": "x", "19": "x", "20": "x", "21": "x", "22": "x", "23": "x", "24": "x", "25": "x", "26": "x", "27": "x", "28": "x", "29": "x", "30": "x", "31": "x", "32": "x", "33": "x", "34": "x", "35": "x", "36": "x", "37": "x", "38": "x", "39": "x", "40": "x", "41": "x", "42": "x", "43": "x", "44": "x", "45": "x", "46": "x", "47": "x", "48": "x", "49": "x"}, "1": {"0": "x", "1": "x", "2": "x", "3": "x", "4": "x", "5": "x", "6": "x", "7": "x", "8": "x", "9": "x", "10": "x", "11": "x", "12": "x", "13": "x", "14": "x", "15": "x", "16": "x", "17": "x", "18": "x", "19": "x", "20": "x", "21": "x", "22": "x", "23": "x", "24": "x", "25": "x", "26": "x", "27": "x", "28": "x", "29": "x", "30": "x", "31": "x", "32": "x", "33": "x", "34": "x", "35": "x", "36": "x", "37": "x", "38": "x", "39": "x", "40": "x", "41": "x", "42": "x", "43": "x", "44": "x", "45": "x", "46": "x", "47": "x", "48": "x", "49": "x"}, "2": {"0": "x", "1": "x", "2": "x", "3": "x", "4": "x", "5": "x", "6": "x", "7": "x", "8": "x", "9": "x", "10": "rv", "11": "x", "12": "x", "13": "x", "14": "x", "15": "x", "16": "x", "17": "x", "18": "x", "19": "x", "20": "x", "21": "x", "22": "x", "23": "x", "24": "x", "25": "x", "26": "x", "27": "x", "28": "x", "29": "x", "30": "x", "31": "x", "32": "x", "33": "x", "34": "x", "35": "x", "36": "x", "37": "x", "38": "x", "39": "x", "40": "x", "41": "x", "42": "x", "43": "x", "44": "x", "45": "x", "46": "x", "47": "x", "48": "x", "49": "x"}, "3": {"0": "x", "1": "x", "2": "x", "3": "x", "4": "x", "5": "x", "6": "x", "7": "x", "8": "x", "9": "x", "10": "x", "11": "x", "12": "x", "13": "x", "14": "x", "15": "x", "16": "x", "17": "x", "18": "x", "19": "x", "20": "x", "21": "x", "22": "x", "23": "x", "24": "x", "25": "x", "26": "x", "27": "x", "28": "x", "29": "x", "30": "x", "31": "x", "32": "x", "33": "x", "34": "x", "35": "x", "36": "x", "37": "x", "38": "x", "39": "x", "40": "x", "41": "x", "42": "x", "43": "x", "44": "x", "45": "x", "46": "x", "47": "x", "48": "x", "49": "x"}, "4": {"0": "x", "1": "x", "2": "x", "3": "x", "4": "x", "5": "x", "6": "x", "7": "x", "8": "x", "9": "x", "10": "x", "11": "x", "12": "x", "13": "x", "14": "x", "15": "x", "16": "x", "17": "x", "18": "x", "19": "x", "20": "x", "21": "x", "22": "x", "23": "x", "24": "x", "25": "x", "26": "x", "27": "x", "28": "x", "29": "x", "30": "x", "31": "x", "32": "x", "33": "x", "34": "x", "35": "x", "36": "x", "37": "x", "38": "x", "39": "x", "40": "x", "41": "x", "42": "x", "43": "x", "44": "x", "45": "x", "46": "x", "47": "x", "48": "x", "49": "x"}, "5": {"0": "x", "1": "x", "2": "x", "3": "x", "4": "x", "5": "x", "6": "x", "7": "x", "8": "x", "9": "x", "10": "x", "11": "x", "12": "x", "13": "x", "14": "x", "15": "x", "16": "x", "17": "x", "18": "x", "19": "x", "20": "x", "21": "x", "22": "x", "23": "x", "24": "x", "25": "x", "26": "x", "27": "x", "28": "x", "29": "x", "30": "x", "31": "x", "32": "x", "33": "x", "34": "x", "35": "x", "36": "x", "37": "x", "38": "x", "39": "x", "40": "x", "41": "x", "42": "x", "43": "x", "44": "x", "45": "x", "46": "x", "47": "x", "48": "x", "49": "x"}, "6": {"0": "x", "1": "x", "2": "x", "3": "x", "4": "x", "5": "x", "6": "x", "7": "rv", "8": "x", "9": "x", "10": "x", "11": "x", "12": "x", "13": "x", "14": "x", "15": "x", "16": "x", "17": "x", "18": "x", "19": "x", "20": "x", "21": "x", "22": "x", "23": "x", "24": "x", "25": "x", "26": "x", "27": "x", "28": "x", "29": "x", "30": "x", "31": "x", "32": "x", "33": "x", "34": "x", "35": "x", "36": "x", "37": "x", "38": "x", "39": "x", "40": "x", "41": "x", "42": "x", "43": "x", "44": "x", "45": "x", "46": "x", "47": "x", "48": "x", "49": "x"}, "7": {"0": "x", "1": "x", "2": "x", "3": "x", "4": "x", "5": "x", "6": "x", "7": "x", "8": "x", "9": "x", "10": "x", "11": "x", "12": "x", "13": "x", "14": "x", "15": "x", "16": "x", "17": "x", "18": "x", "19": "x", "20": "x", "21": "x", "22": "x", "23": "x", "24": "x", "25": "x", "26": "x", "27": "x", "28": "x", "29": "x", "30": "x", "31": "x", "32": "x", "33": "x", "34": "x", "35": "x", "36": "x", "37": "x", "38": "x", "39": "x", "40": "x", "41": "x", "42": "x", "43": "x", "44": "x", "45": "x", "46": "x", "47": "x", "48": "x", "49": "x"}, "8": {"0": "x", "1": "x", "2": "x", "3": "x", "4": "x", "5": "x", "6": "x", "7": "x", "8": "x", "9": "x", "10": "x", "11": "x", "12": "x", "13": "x", "14": "x", "15": "x", "16": "x", "17": "x", "18": "x", "19": "x", "20": "x", "21": "x", "22": "x", "23": "x", "24": "x", "25": "x", "26": "x", "27": "x", "28": "x", "29": "x", "30": "x", "31": "x", "32": "x", "33": "x", "34": "x", "35": "x", "36": "x", "37": "x", "38": "x", "39": "x", "40": "x", "41": "x", "42": "x", "43": "x", "44": "x", "45": "x", "46": "x", "47": "x", "48": "x", "49": "x"}, "9": {"0": "x", "1": "x", "2": "x", "3": "rv", "4": "x", "5": "x", "6": "x", "7": "x", "8": "x", "9": "x", "10": "x", "11": "x", "12": "x", "13": "x", "14": "x", "15": "x", "16": "x", "17": "x", "18": "x", "19": "x", "20": "x", "21": "x", "22": "x", "23": "x", "24": "x", "25": "x", "26": "x", "27": "x", "28": "x", "29": "x", "30": "x", "31": "x", "32": "x", "33": "i", "34": "ws", "35": "ps", "36": "bf", "37": "rf", "38": "x", "39": "x", "40": "x", "41": "x", "42": "x", "43": "x", "44": "x", "45": "x", "46": "x", "47": "x", "48": "x", "49": "x"}, "10": {"0": "x", "1": "x", "2": "x", "3": "x", "4": "d", "5": "x", "6": "x", "7": "x", "8": "x", "9": "p", "10": "x", "11": "x", "12": "x", "13": "x", "14": "x", "15": "x", "16": "x", "17": "x", "18": "x", "19": "x", "20": "c", "21": "x", "22": "x", "23": "x", "24": "x", "25": "x", "26": "x", "27": "x", "28": "x", "29": "x", "30": "x", "31": "x", "32": "x", "33": "x", "34": "x", "35": "x", "36": "x", "37": "x", "38": "x", "39": "x", "40": "x", "41": "l", "42": "x", "43": "x", "44": "x", "45": "x", "46": "x", "47": "x", "48": "x", "49": "x"}, "11": {"0": "x", "1": "x", "2": "x", "3": "x", "4": "x", "5": "x", "6": "x", "7": "x", "8": "x", "9": "x", "10": "x", "11": "x", "12": "x", "13": "x", "14": "x", "15": "x", "16": "x", "17": "x", "18": "x", "19": "x", "20": "x", "21": "x", "22": "x", "23": "x", "24": "x", "25": "x", "26": "x", "27": "x", "28": "x", "29": "x", "30": "x", "31": "x", "32": "x", "33": "x", "34": "x", "35": "x", "36": "x", "37": "x", "38": "x", "39": "x", "40": "x", "41": "x", "42": "x", "43": "x", "44": "x", "45": "x", "46": "x", "47": "x", "48": "x", "49": "x"}, "12": {"0": "x", "1": "x", "2": "x", "3": "x", "4": "x", "5": "x", "6": "x", "7": "x", "8": "x", "9": "x", "10": "x", "11": "x", "12": "x", "13": "x", "14": "x", "15": "x", "16": "x", "17": "x", "18": "x", "19": "x", "20": "x", "21": "x", "22": "x", "23": "x", "24": "x", "25": "x", "26": "x", "27": "x", "28": "x", "29": "x", "30": "x", "31": "x", "32": "x", "33": "x", "34": "x", "35": "x", "36": "x", "37": "x", "38": "x", "39": "x", "40": "x", "41": "x", "42": "x", "43": "x", "44": "x", "45": "x", "46": "x", "47": "x", "48": "x", "49": "x"}, "13": {"0": "x", "1": "x", "2": "x", "3": "x", "4": "x", "5": "x", "6": "x", "7": "x", "8": "x", "9": "x", "10": "x", "11": "x", "12": "x", "13": "x", "14": "x", "15": "x", "16": "x", "17": "x", "18": "x", "19": "x", "20": "x", "21": "rh", "22": "x", "23": "x", "24": "x", "25": "x", "26": "x", "27": "x", "28": "x", "29": "x", "30": "x", "31": "x", "32": "x", "33": "x", "34": "x", "35": "x", "36": "x", "37": "x", "38": "x", "39": "x", "40": "x", "41": "x", "42": "x", "43": "x", "44": "x", "45": "x", "46": "x", "47": "x", "48": "x", "49": "x"}, "14": {"0": "x", "1": "S", "2": "x", "3": "x", "4": "x", "5": "x", "6": "x", "7": "x", "8": "x", "9": "x", "10": "x", "11": "x", "12": "x", "13": "x", "14": "x", "15": "x", "16": "x", "17": "x", "18": "x", "19": "x", "20": "x", "21": "x", "22": "x", "23": "x", "24": "x", "25": "x", "26": "x", "27": "x", "28": "x", "29": "x", "30": "x", "31": "x", "32": "x", "33": "x", "34": "x", "35": "x", "36": "x", "37": "x", "38": "x", "39": "x", "40": "x", "41": "x", "42": "x", "43": "x", "44": "x", "45": "x", "46": "G", "47": "x", "48": "x", "49": "x"}, "15": {"0": "iS", "1": "iS", "2": "iS", "3": "iS", "4": "iS", "5": "iS", "6": "f", "7": "f", "8": "f", "9": "f", "10": "f", "11": "f", "12": "f", "13": "iS", "14": "iS", "15": "b", "16": "iS", "17": "iS", "18": "x", "19": "x", "20": "x", "21": "x", "22": "x", "23": "x", "24": "x", "25": "x", "26": "x", "27": "x", "28": "x", "29": "x", "30": "x", "31": "iS", "32": "iS", "33": "iS", "34": "iS", "35": "iS", "36": "iS", "37": "iS", "38": "iS", "39": "iS", "40": "iS", "41": "iS", "42": "iS", "43": "iS", "44": "iS", "45": "iS", "46": "iS", "47": "iS", "48": "iS", "49": "iS"}}}