{"dificultad": "facil", "tiempo": 100, "next_level": "level5", "record": {"puntos": 0, "dorados": [], "bonus": false, "tiempo": 9999}, "mapa": {"0": {"0": "i", "1": "i", "2": "x", "3": "x", "4": "x", "5": "x", "6": "x", "7": "x", "8": "x", "9": "i", "10": "x", "11": "x", "12": "i", "13": "x", "14": "x"}, "1": {"0": "x", "1": "x", "2": "x", "3": "x", "4": "x", "5": "x", "6": "x", "7": "i", "8": "x", "9": "x", "10": "x", "11": "i", "12": "x", "13": "x", "14": "x"}, "2": {"0": "x", "1": "x", "2": "x", "3": "x", "4": "x", "5": "x", "6": "x", "7": "x", "8": "x", "9": "x", "10": "x", "11": "i", "12": "x", "13": "x", "14": "x"}, "3": {"0": "x", "1": "x", "2": "x", "3": "i", "4": "i", "5": "x", "6": "x", "7": "i", "8": "x", "9": "x", "10": "x", "11": "x", "12": "x", "13": "x", "14": "x"}, "4": {"0": "x", "1": "x", "2": "x", "3": "x", "4": "x", "5": "x", "6": "x", "7": "x", "8": "i", "9": "x", "10": "x", "11": "x", "12": "x", "13": "x", "14": "x"}, "5": {"0": "c", "1": "x", "2": "x", "3": "i", "4": "x", "5": "i", "6": "x", "7": "x", "8": "x", "9": "x", "10": "x", "11": "x", "12": "x", "13": "x", "14": "i"}, "6": {"0": "x", "1": "x", "2": "x", "3": "x", "4": "x", "5": "x", "6": "i", "7": "x", "8": "x", "9": "x", "10": "x", "11": "x", "12": "x", "13": "x", "14": "x"}, "7": {"0": "x", "1": "x", "2": "i", "3": "x", "4": "x", "5": "x", "6": "x", "7": "x", "8": "x", "9": "x", "10": "x", "11": "x", "12": "x", "13": "x", "14": "x"}, "8": {"0": "x", "1": "x", "2": "x", "3": "x", "4": "x", "5": "x", "6": "i", "7": "x", "8": "x", "9": "x", "10": "x", "11": "x", "12": "x", "13": "x", "14": "x"}, "9": {"0": "i", "1": "x", "2": "x", "3": "i", "4": "x", "5": "x", "6": "i", "7": "x", "8": "x", "9": "x", "10": "x", "11": "x", "12": "x", "13": "x", "14": "i"}, "10": {"0": "x", "1": "x", "2": "i", "3": "x", "4": "x", "5": "x", "6": "i", "7": "i", "8": "x", "9": "x", "10": "x", "11": "i", "12": "x", "13": "x", "14": "x"}, "11": {"0": "i", "1": "x", "2": "x", "3": "x", "4": "x", "5": "x", "6": "i", "7": "x", "8": "x", "9": "x", "10": "x", "11": "x", "12": "i", "13": "x", "14": "x"}, "12": {"0": "x", "1": "x", "2": "x", "3": "x", "4": "x", "5": "x", "6": "x", "7": "x", "8": "i", "9": "x", "10": "x", "11": "x", "12": "x", "13": "x", "14": "x"}, "13": {"0": "x", "1": "x", "2": "x", "3": "S", "4": "x", "5": "x", "6": "x", "7": "i", "8": "x", "9": "x", "10": "x", "11": "x", "12": "G", "13": "x", "14": "x"}, "14": {"0": "x", "1": "i", "2": "i", "3": "i", "4": "i", "5": "x", "6": "x", "7": "x", "8": "x", "9": "i", "10": "x", "11": "i", "12": "i", "13": "i", "14": "i"}}}i", "14": "i"}}}