{"dificultad": "facil", "tiempo": 100, "next_level": "level2", "record": {"puntos": 5184, "dorados": [2, 1, 0, 3], "bonus": true, "tiempo": 35.78999999999858}, "mapa": {
	"0": {"0": "x", "1": "x", "2": "x", "3": "x", "4": "x", "5": "x", "6": "x", "7": "x", "8": "x", "9": "x", "10": "x", "11": "x", "12": "x", "13": "x", "14": "x", "15": "x", "16": "x", "17": "x", "18": "x", "19": "x", "20": "x", "21": "x", "22": "x", "23": "x", "24": "x", "25": "x", "26": "x", "27": "x", "28": "x", "29": "x", "30": "x", "31": "x", "32": "x", "33": "x", "34": "x", "35": "x", "36": "x", "37": "x", "38": "x", "39": "x", "40": "x", "41": "x", "42": "x", "43": "x", "44": "x", "45": "x", "46": "x", "47": "x", "48": "x", "49": "x", "50": "x", "51": "x", "52": "x", "53": "x", "54": "x", "55": "x", "56": "x", "57": "x", "58": "x", "59": "x"}, 
	"1": {"0": "x", "1": "x", "2": "x", "3": "x", "4": "x", "5": "x", "6": "x", "7": "x", "8": "x", "9": "x", "10": "x", "11": "x", "12": "x", "13": "x", "14": "x", "15": "x", "16": "x", "17": "x", "18": "x", "19": "x", "20": "x", "21": "x", "22": "x", "23": "x", "24": "x", "25": "x", "26": "x", "27": "x", "28": "x", "29": "x", "30": "x", "31": "x", "32": "x", "33": "x", "34": "x", "35": "x", "36": "x", "37": "x", "38": "x", "39": "x", "40": "x", "41": "x", "42": "x", "43": "x", "44": "x", "45": "x", "46": "x", "47": "x", "48": "x", "49": "x", "50": "x", "51": "x", "52": "x", "53": "x", "54": "x", "55": "x", "56": "x", "57": "x", "58": "x", "59": "x"}, 
	"2": {"0": "x", "1": "x", "2": "x", "3": "x", "4": "x", "5": "x", "6": "x", "7": "x", "8": "x", "9": "x", "10": "x", "11": "x", "12": "x", "13": "x", "14": "x", "15": "x", "16": "x", "17": "x", "18": "x", "19": "x", "20": "x", "21": "x", "22": "x", "23": "x", "24": "x", "25": "x", "26": "x", "27": "x", "28": "x", "29": "x", "30": "x", "31": "x", "32": "x", "33": "x", "34": "x", "35": "x", "36": "x", "37": "A", "38": "x", "39": "x", "40": "x", "41": "x", "42": "x", "43": "x", "44": "x", "45": "x", "46": "x", "47": "x", "48": "x", "49": "x", "50": "x", "51": "x", "52": "x", "53": "x", "54": "x", "55": "x", "56": "x", "57": "x", "58": "x", "59": "x"}, 
	"3": {"0": "x", "1": "x", "2": "x", "3": "x", "4": "x", "5": "x", "6": "x", "7": "x", "8": "x", "9": "x", "10": "x", "11": "x", "12": "x", "13": "x", "14": "x", "15": "x", "16": "x", "17": "x", "18": "x", "19": "x", "20": "x", "21": "x", "22": "x", "23": "x", "24": "x", "25": "x", "26": "x", "27": "x", "28": "x", "29": "x", "30": "x", "31": "x", "32": "x", "33": "x", "34": "x", "35": "x", "36": "x", "37": "x", "38": "x", "39": "x", "40": "x", "41": "x", "42": "x", "43": "x", "44": "x", "45": "x", "46": "x", "47": "x", "48": "x", "49": "x", "50": "x", "51": "x", "52": "x", "53": "x", "54": "i", "55": "x", "56": "x", "57": "x", "58": "x", "59": "x"}, 
	"4": {"0": "i", "1": "x", "2": "x", "3": "x", "4": "x", "5": "A", "6": "x", "7": "x", "8": "x", "9": "x", "10": "x", "11": "i", "12": "x", "13": "x", "14": "x", "15": "x", "16": "x", "17": "x", "18": "x", "19": "x", "20": "x", "21": "x", "22": "x", "23": "x", "24": "x", "25": "x", "26": "ws", "27": "x", "28": "ps", "29": "x", "30": "x", "31": "c", "32": "i", "33": "l", "34": "x", "35": "i", "36": "x", "37": "x", "38": "x", "39": "x", "40": "x", "41": "x", "42": "x", "43": "x", "44": "x", "45": "x", "46": "x", "47": "x", "48": "p", "49": "A", "50": "x", "51": "x", "52": "x", "53": "ii", "54": "ri", "55": "ri", "56": "x", "57": "x", "58": "x", "59": "x"}, 
	"5": {"0": "x", "1": "x", "2": "x", "3": "x", "4": "x", "5": "rv", "6": "x", "7": "x", "8": "x", "9": "x", "10": "x", "11": "x", "12": "x", "13": "x", "14": "x", "15": "x", "16": "x", "17": "x", "18": "x", "19": "x", "20": "x", "21": "i", "22": "x", "23": "x", "24": "x", "25": "x", "26": "x", "27": "x", "28": "x", "29": "x", "30": "x", "31": "x", "32": "x", "33": "x", "34": "x", "35": "x", "36": "x", "37": "x", "38": "x", "39": "x", "40": "x", "41": "x", "42": "x", "43": "x", "44": "x", "45": "x", "46": "x", "47": "d", "48": "i", "49": "x", "50": "x", "51": "x", "52": "x", "53": "x", "54": "x", "55": "x", "56": "x", "57": "x", "58": "x", "59": "x"}, 
	"6": {"0": "x", "1": "x", "2": "x", "3": "x", "4": "x", "5": "x", "6": "x", "7": "x", "8": "x", "9": "x", "10": "x", "11": "x", "12": "x", "13": "x", "14": "d", "15": "x", "16": "x", "17": "x", "18": "x", "19": "x", "20": "x", "21": "x", "22": "x", "23": "x", "24": "x", "25": "x", "26": "x", "27": "x", "28": "x", "29": "x", "30": "x", "31": "x", "32": "x", "33": "x", "34": "x", "35": "x", "36": "x", "37": "i", "38": "x", "39": "x", "40": "i", "41": "i", "42": "x", "43": "x", "44": "x", "45": "x", "46": "x", "47": "x", "48": "x", "49": "x", "50": "x", "51": "x", "52": "x", "53": "x", "54": "x", "55": "x", "56": "x", "57": "x", "58": "x", "59": "x"}, 
	"7": {"0": "x", "1": "x", "2": "d", "3": "x", "4": "S", "5": "x", "6": "ws", "7": "x", "8": "x", "9": "x", "10": "x", "11": "x", "12": "x", "13": "x", "14": "x", "15": "x", "16": "x", "17": "T1", "18": "x", "19": "x", "20": "x", "21": "x", "22": "x", "23": "x", "24": "x", "25": "rv", "26": "x", "27": "x", "28": "x", "29": "x", "30": "x", "31": "x", "32": "x", "33": "x", "34": "rh", "35": "x", "36": "rh", "37": "x", "38": "d", "39": "x", "40": "x", "41": "x", "42": "x", "43": "x", "44": "x", "45": "x", "46": "x", "47": "x", "48": "x", "49": "x", "50": "x", "51": "x", "52": "x", "53": "O", "54": "x", "55": "rh", "56": "x", "57": "G", "58": "x", "59": "x"}, 
	"8": {"0": "i", "1": "i", "2": "i", "3": "i", "4": "i", "5": "i", "6": "i", "7": "i", "8": "i", "9": "i", "10": "i", "11": "i", "12": "i", "13": "i", "14": "i", "15": "i", "16": "i", "17": "i", "18": "i", "19": "i", "20": "i", "21": "i", "22": "i", "23": "i", "24": "i", "25": "i", "26": "i", "27": "i", "28": "i", "29": "i", "30": "i", "31": "i", "32": "i", "33": "i", "34": "i", "35": "i", "36": "i", "37": "x", "38": "x", "39": "i", "40": "i", "41": "i", "42": "i", "43": "i", "44": "i", "45": "i", "46": "i", "47": "i", "48": "i", "49": "x", "50": "x", "51": "i", "52": "i", "53": "i", "54": "i", "55": "i", "56": "i", "57": "i", "58": "i", "59": "i"}}}