{"dificultad": "facil", "tiempo": 100, "next_level": "level7", "record": {"puntos": 3005, "dorados": [0], "bonus": true, "tiempo": 50.75599999999826}, "mapa": {"0": {"0": "x", "1": "x", "2": "x", "3": "x", "4": "x", "5": "x", "6": "x", "7": "x", "8": "x", "9": "x", "10": "x", "11": "x", "12": "x", "13": "x", "14": "x", "15": "x", "16": "x", "17": "x", "18": "x", "19": "x", "20": "x", "21": "x", "22": "x", "23": "x", "24": "x", "25": "x", "26": "x", "27": "x", "28": "x", "29": "x", "30": "x", "31": "x", "32": "x", "33": "x"}, "1": {"0": "x", "1": "x", "2": "x", "3": "x", "4": "x", "5": "x", "6": "x", "7": "x", "8": "x", "9": "x", "10": "x", "11": "x", "12": "x", "13": "x", "14": "x", "15": "x", "16": "x", "17": "x", "18": "x", "19": "x", "20": "x", "21": "x", "22": "x", "23": "x", "24": "x", "25": "x", "26": "x", "27": "x", "28": "x", "29": "x", "30": "x", "31": "x", "32": "x", "33": "x"}, "2": {"0": "x", "1": "x", "2": "x", "3": "x", "4": "x", "5": "x", "6": "x", "7": "x", "8": "x", "9": "x", "10": "x", "11": "x", "12": "x", "13": "x", "14": "x", "15": "x", "16": "x", "17": "x", "18": "x", "19": "x", "20": "x", "21": "x", "22": "x", "23": "x", "24": "d", "25": "x", "26": "x", "27": "x", "28": "x", "29": "x", "30": "x", "31": "x", "32": "x", "33": "x"}, "3": {"0": "x", "1": "x", "2": "x", "3": "x", "4": "x", "5": "x", "6": "x", "7": "x", "8": "x", "9": "x", "10": "x", "11": "x", "12": "x", "13": "x", "14": "x", "15": "x", "16": "x", "17": "x", "18": "x", "19": "x", "20": "x", "21": "x", "22": "x", "23": "x", "24": "x", "25": "x", "26": "x", "27": "x", "28": "x", "29": "x", "30": "x", "31": "x", "32": "x", "33": "x"}, "4": {"0": "x", "1": "A", "2": "x", "3": "x", "4": "x", "5": "x", "6": "x", "7": "x", "8": "x", "9": "x", "10": "x", "11": "x", "12": "x", "13": "x", "14": "x", "15": "x", "16": "x", "17": "x", "18": "x", "19": "x", "20": "x", "21": "x", "22": "x", "23": "x", "24": "A", "25": "x", "26": "x", "27": "x", "28": "x", "29": "x", "30": "x", "31": "x", "32": "x", "33": "x"}, "5": {"0": "x", "1": "x", "2": "x", "3": "x", "4": "x", "5": "x", "6": "x", "7": "x", "8": "x", "9": "x", "10": "x", "11": "x", "12": "x", "13": "x", "14": "x", "15": "x", "16": "x", "17": "x", "18": "x", "19": "x", "20": "x", "21": "x", "22": "x", "23": "x", "24": "x", "25": "x", "26": "x", "27": "x", "28": "x", "29": "x", "30": "G", "31": "x", "32": "p", "33": "x"}, "6": {"0": "x", "1": "x", "2": "x", "3": "x", "4": "A", "5": "x", "6": "x", "7": "x", "8": "x", "9": "x", "10": "x", "11": "x", "12": "A", "13": "x", "14": "A", "15": "x", "16": "x", "17": "x", "18": "x", "19": "x", "20": "x", "21": "A", "22": "x", "23": "x", "24": "x", "25": "x", "26": "x", "27": "x", "28": "i", "29": "i", "30": "i", "31": "i", "32": "i", "33": "i"}, "7": {"0": "x", "1": "x", "2": "x", "3": "x", "4": "x", "5": "x", "6": "x", "7": "x", "8": "x", "9": "x", "10": "x", "11": "x", "12": "x", "13": "x", "14": "x", "15": "x", "16": "x", "17": "x", "18": "x", "19": "x", "20": "x", "21": "x", "22": "x", "23": "x", "24": "x", "25": "x", "26": "x", "27": "x", "28": "iS", "29": "iS", "30": "iS", "31": "iS", "32": "iS", "33": "iS"}, "8": {"0": "x", "1": "x", "2": "x", "3": "x", "4": "x", "5": "x", "6": "x", "7": "x", "8": "x", "9": "x", "10": "x", "11": "x", "12": "x", "13": "x", "14": "x", "15": "x", "16": "x", "17": "x", "18": "x", "19": "x", "20": "x", "21": "x", "22": "x", "23": "x", "24": "l", "25": "x", "26": "x", "27": "x", "28": "x", "29": "x", "30": "x", "31": "x", "32": "x", "33": "x"}, "9": {"0": "x", "1": "x", "2": "x", "3": "x", "4": "x", "5": "x", "6": "x", "7": "x", "8": "x", "9": "x", "10": "x", "11": "x", "12": "x", "13": "x", "14": "x", "15": "x", "16": "x", "17": "x", "18": "c", "19": "x", "20": "x", "21": "x", "22": "x", "23": "x", "24": "x", "25": "x", "26": "x", "27": "x", "28": "x", "29": "x", "30": "x", "31": "x", "32": "x", "33": "x"}, "10": {"0": "x", "1": "x", "2": "x", "3": "x", "4": "x", "5": "x", "6": "x", "7": "x", "8": "x", "9": "x", "10": "x", "11": "x", "12": "x", "13": "x", "14": "x", "15": "x", "16": "x", "17": "ps", "18": "ps", "19": "ps", "20": "x", "21": "x", "22": "x", "23": "x", "24": "rv", "25": "x", "26": "x", "27": "x", "28": "x", "29": "x", "30": "x", "31": "x", "32": "x", "33": "x"}, "11": {"0": "x", "1": "x", "2": "x", "3": "x", "4": "x", "5": "x", "6": "x", "7": "x", "8": "ws", "9": "x", "10": "x", "11": "x", "12": "x", "13": "x", "14": "x", "15": "x", "16": "x", "17": "x", "18": "x", "19": "x", "20": "x", "21": "x", "22": "x", "23": "x", "24": "x", "25": "x", "26": "x", "27": "x", "28": "x", "29": "x", "30": "x", "31": "x", "32": "x", "33": "x"}, "12": {"0": "x", "1": "x", "2": "x", "3": "x", "4": "x", "5": "x", "6": "x", "7": "T", "8": "x", "9": "x", "10": "x", "11": "x", "12": "x", "13": "x", "14": "x", "15": "x", "16": "i", "17": "i", "18": "i", "19": "i", "20": "x", "21": "x", "22": "x", "23": "x", "24": "x", "25": "x", "26": "x", "27": "x", "28": "x", "29": "x", "30": "x", "31": "x", "32": "x", "33": "x"}, "13": {"0": "x", "1": "S", "2": "x", "3": "x", "4": "x", "5": "x", "6": "x", "7": "i", "8": "i", "9": "i", "10": "i", "11": "x", "12": "x", "13": "x", "14": "x", "15": "x", "16": "iS", "17": "iS", "18": "iS", "19": "iS", "20": "x", "21": "x", "22": "x", "23": "x", "24": "x", "25": "x", "26": "x", "27": "x", "28": "x", "29": "x", "30": "x", "31": "x", "32": "x", "33": "x"}, "14": {"0": "i", "1": "i", "2": "i", "3": "i", "4": "x", "5": "x", "6": "x", "7": "iS", "8": "iS", "9": "iS", "10": "iS", "11": "x", "12": "x", "13": "x", "14": "x", "15": "x", "16": "x", "17": "x", "18": "x", "19": "x", "20": "x", "21": "x", "22": "x", "23": "x", "24": "x", "25": "x", "26": "x", "27": "x", "28": "x", "29": "x", "30": "x", "31": "x", "32": "x", "33": "x"}, "15": {"0": "iS", "1": "iS", "2": "iS", "3": "iS", "4": "x", "5": "x", "6": "x", "7": "x", "8": "x", "9": "x", "10": "x", "11": "x", "12": "x", "13": "x", "14": "x", "15": "x", "16": "x", "17": "x", "18": "x", "19": "x", "20": "x", "21": "x", "22": "x", "23": "x", "24": "x", "25": "x", "26": "x", "27": "x", "28": "x", "29": "x", "30": "x", "31": "x", "32": "x", "33": "x"}}}