{"dificultad": "facil", "tiempo": 100, "next_level": "level5", "record": {"puntos": 0, "dorados": [], "bonus": false, "tiempo": 9999}, "mapa": {"0": {"0": "x", "1": "x", "2": "i", "3": "x", "4": "x", "5": "i", "6": "i", "7": "x", "8": "x", "9": "x"}, "1": {"0": "x", "1": "x", "2": "x", "3": "x", "4": "i", "5": "x", "6": "x", "7": "x", "8": "x", "9": "i"}, "2": {"0": "i", "1": "x", "2": "x", "3": "i", "4": "x", "5": "x", "6": "x", "7": "i", "8": "x", "9": "i"}, "3": {"0": "i", "1": "x", "2": "x", "3": "x", "4": "x", "5": "x", "6": "i", "7": "i", "8": "x", "9": "x"}, "4": {"0": "x", "1": "i", "2": "i", "3": "i", "4": "x", "5": "i", "6": "x", "7": "x", "8": "i", "9": "i"}, "5": {"0": "i", "1": "i", "2": "i", "3": "x", "4": "i", "5": "x", "6": "x", "7": "x", "8": "x", "9": "i"}, "6": {"0": "i", "1": "i", "2": "x", "3": "i", "4": "x", "5": "x", "6": "x", "7": "x", "8": "x", "9": "i"}, "7": {"0": "x", "1": "i", "2": "i", "3": "x", "4": "x", "5": "x", "6": "x", "7": "x", "8": "i", "9": "x"}, "8": {"0": "i", "1": "i", "2": "i", "3": "i", "4": "x", "5": "x", "6": "i", "7": "x", "8": "i", "9": "x"}, "9": {"0": "x", "1": "i", "2": "x", "3": "x", "4": "x", "5": "i", "6": "i", "7": "x", "8": "i", "9": "x"}}}