{"dificultad": "facil", "tiempo": 100, "next_level": "obstaculos 3", "record": {"puntos": 2721, "dorados": [], "bonus": false, "tiempo": 9.241999999999983}, "mapa": {"0": {"0": "iS", "1": "iS", "2": "iS", "3": "iS", "4": "iS", "5": "iS", "6": "iS", "7": "iS", "8": "fS", "9": "fS", "10": "fS", "11": "x", "12": "x", "13": "x", "14": "x", "15": "x", "16": "x", "17": "x", "18": "x", "19": "x", "20": "x", "21": "x", "22": "x", "23": "x", "24": "x", "25": "x", "26": "x", "27": "x", "28": "x"}, "1": {"0": "x", "1": "x", "2": "x", "3": "x", "4": "x", "5": "x", "6": "x", "7": "x", "8": "fS", "9": "fS", "10": "fS", "11": "x", "12": "x", "13": "x", "14": "x", "15": "x", "16": "x", "17": "x", "18": "x", "19": "x", "20": "x", "21": "x", "22": "x", "23": "x", "24": "x", "25": "x", "26": "x", "27": "x", "28": "x"}, "2": {"0": "x", "1": "S", "2": "x", "3": "x", "4": "x", "5": "x", "6": "x", "7": "x", "8": "fS", "9": "fS", "10": "fS", "11": "x", "12": "x", "13": "x", "14": "x", "15": "x", "16": "x", "17": "x", "18": "x", "19": "x", "20": "x", "21": "x", "22": "x", "23": "x", "24": "x", "25": "x", "26": "x", "27": "x", "28": "x"}, "3": {"0": "i", "1": "i", "2": "i", "3": "i", "4": "x", "5": "x", "6": "x", "7": "x", "8": "fS", "9": "fS", "10": "fS", "11": "x", "12": "x", "13": "x", "14": "x", "15": "x", "16": "x", "17": "x", "18": "x", "19": "x", "20": "x", "21": "x", "22": "x", "23": "x", "24": "x", "25": "x", "26": "x", "27": "x", "28": "x"}, "4": {"0": "fS", "1": "fS", "2": "x", "3": "x", "4": "x", "5": "x", "6": "x", "7": "x", "8": "fS", "9": "fS", "10": "fS", "11": "x", "12": "x", "13": "x", "14": "x", "15": "x", "16": "x", "17": "x", "18": "x", "19": "x", "20": "x", "21": "x", "22": "x", "23": "x", "24": "x", "25": "x", "26": "x", "27": "x", "28": "x"}, "5": {"0": "fS", "1": "fS", "2": "x", "3": "x", "4": "x", "5": "rv", "6": "x", "7": "x", "8": "fS", "9": "fS", "10": "fS", "11": "x", "12": "x", "13": "x", "14": "x", "15": "x", "16": "x", "17": "x", "18": "x", "19": "x", "20": "x", "21": "x", "22": "x", "23": "x", "24": "x", "25": "x", "26": "x", "27": "x", "28": "x"}, "6": {"0": "fS", "1": "fS", "2": "x", "3": "x", "4": "x", "5": "x", "6": "x", "7": "x", "8": "fS", "9": "fS", "10": "fS", "11": "x", "12": "x", "13": "x", "14": "x", "15": "x", "16": "x", "17": "x", "18": "x", "19": "x", "20": "x", "21": "x", "22": "x", "23": "x", "24": "x", "25": "x", "26": "x", "27": "x", "28": "x"}, "7": {"0": "fS", "1": "fS", "2": "x", "3": "x", "4": "x", "5": "x", "6": "x", "7": "x", "8": "fS", "9": "fS", "10": "fS", "11": "x", "12": "x", "13": "c", "14": "x", "15": "x", "16": "x", "17": "x", "18": "x", "19": "x", "20": "x", "21": "x", "22": "x", "23": "x", "24": "x", "25": "x", "26": "x", "27": "x", "28": "x"}, "8": {"0": "fS", "1": "fS", "2": "x", "3": "x", "4": "x", "5": "x", "6": "x", "7": "x", "8": "fS", "9": "fS", "10": "fS", "11": "x", "12": "x", "13": "x", "14": "x", "15": "x", "16": "x", "17": "x", "18": "x", "19": "x", "20": "x", "21": "x", "22": "f", "23": "f", "24": "f", "25": "x", "26": "x", "27": "x", "28": "x"}, "9": {"0": "fS", "1": "fS", "2": "x", "3": "x", "4": "x", "5": "x", "6": "x", "7": "x", "8": "fS", "9": "fS", "10": "fS", "11": "x", "12": "x", "13": "x", "14": "x", "15": "x", "16": "x", "17": "f", "18": "f", "19": "x", "20": "x", "21": "x", "22": "fS", "23": "fS", "24": "fS", "25": "x", "26": "x", "27": "x", "28": "x"}, "10": {"0": "fS", "1": "fS", "2": "x", "3": "x", "4": "x", "5": "x", "6": "x", "7": "x", "8": "fS", "9": "fS", "10": "fS", "11": "x", "12": "i", "13": "i", "14": "x", "15": "x", "16": "x", "17": "x", "18": "x", "19": "i", "20": "i", "21": "x", "22": "x", "23": "x", "24": "x", "25": "x", "26": "x", "27": "x", "28": "x"}, "11": {"0": "fS", "1": "fS", "2": "x", "3": "x", "4": "x", "5": "x", "6": "x", "7": "x", "8": "x", "9": "x", "10": "x", "11": "x", "12": "x", "13": "x", "14": "x", "15": "x", "16": "x", "17": "x", "18": "x", "19": "x", "20": "x", "21": "x", "22": "x", "23": "x", "24": "x", "25": "x", "26": "x", "27": "x", "28": "x"}, "12": {"0": "fS", "1": "fS", "2": "x", "3": "x", "4": "x", "5": "x", "6": "x", "7": "x", "8": "x", "9": "x", "10": "x", "11": "x", "12": "x", "13": "x", "14": "x", "15": "x", "16": "x", "17": "x", "18": "x", "19": "x", "20": "x", "21": "x", "22": "x", "23": "x", "24": "x", "25": "x", "26": "x", "27": "x", "28": "x"}, "13": {"0": "fS", "1": "fS", "2": "x", "3": "rh", "4": "x", "5": "x", "6": "x", "7": "x", "8": "x", "9": "x", "10": "x", "11": "x", "12": "x", "13": "x", "14": "x", "15": "rh1", "16": "x", "17": "x", "18": "x", "19": "x", "20": "x", "21": "x", "22": "x", "23": "x", "24": "x", "25": "x", "26": "x", "27": "G", "28": "x"}, "14": {"0": "fS", "1": "fS", "2": "x", "3": "x", "4": "x", "5": "x", "6": "x", "7": "x", "8": "x", "9": "x", "10": "x", "11": "x", "12": "x", "13": "x", "14": "x", "15": "x", "16": "x", "17": "x", "18": "x", "19": "x", "20": "x", "21": "x", "22": "x", "23": "x", "24": "x", "25": "x", "26": "i", "27": "i", "28": "i"}, "15": {"0": "fS", "1": "fS", "2": "f", "3": "f", "4": "f", "5": "f", "6": "f", "7": "f", "8": "f", "9": "f", "10": "f", "11": "f", "12": "f", "13": "f", "14": "f", "15": "f", "16": "f", "17": "f", "18": "f", "19": "f", "20": "f", "21": "f", "22": "f", "23": "f", "24": "f", "25": "f", "26": "fS", "27": "fS", "28": "fS"}}}