{"dificultad": "facil", "tiempo": 100, "next_level": "obstaculos 1", "record": {"puntos": 4785, "dorados": [], "bonus": false, "tiempo": 4.302999999999995}, "mapa": {"0": {"0": "x", "1": "x", "2": "x", "3": "x", "4": "x", "5": "x", "6": "x", "7": "x", "8": "x", "9": "x", "10": "x", "11": "x", "12": "x", "13": "x", "14": "x", "15": "x", "16": "x", "17": "x", "18": "x", "19": "x", "20": "x", "21": "x", "22": "x", "23": "x", "24": "x", "25": "x", "26": "x", "27": "x", "28": "x"}, "1": {"0": "x", "1": "x", "2": "x", "3": "x", "4": "x", "5": "x", "6": "x", "7": "x", "8": "x", "9": "x", "10": "x", "11": "x", "12": "x", "13": "x", "14": "x", "15": "x", "16": "x", "17": "x", "18": "x", "19": "x", "20": "x", "21": "x", "22": "x", "23": "x", "24": "x", "25": "x", "26": "x", "27": "x", "28": "x"}, "2": {"0": "x", "1": "x", "2": "x", "3": "x", "4": "x", "5": "x", "6": "x", "7": "x", "8": "x", "9": "x", "10": "x", "11": "x", "12": "x", "13": "x", "14": "x", "15": "x", "16": "x", "17": "x", "18": "x", "19": "x", "20": "x", "21": "x", "22": "x", "23": "x", "24": "x", "25": "x", "26": "x", "27": "x", "28": "x"}, "3": {"0": "x", "1": "x", "2": "x", "3": "x", "4": "x", "5": "x", "6": "x", "7": "x", "8": "x", "9": "x", "10": "x", "11": "x", "12": "x", "13": "x", "14": "x", "15": "x", "16": "x", "17": "x", "18": "x", "19": "x", "20": "x", "21": "x", "22": "x", "23": "x", "24": "x", "25": "x", "26": "x", "27": "x", "28": "x"}, "4": {"0": "x", "1": "x", "2": "x", "3": "x", "4": "x", "5": "x", "6": "x", "7": "x", "8": "x", "9": "x", "10": "x", "11": "x", "12": "x", "13": "x", "14": "x", "15": "x", "16": "x", "17": "x", "18": "x", "19": "x", "20": "x", "21": "x", "22": "x", "23": "x", "24": "x", "25": "x", "26": "x", "27": "x", "28": "x"}, "5": {"0": "x", "1": "x", "2": "x", "3": "x", "4": "x", "5": "x", "6": "x", "7": "x", "8": "x", "9": "x", "10": "x", "11": "x", "12": "x", "13": "x", "14": "x", "15": "x", "16": "x", "17": "x", "18": "x", "19": "x", "20": "x", "21": "x", "22": "x", "23": "x", "24": "x", "25": "x", "26": "x", "27": "x", "28": "x"}, "6": {"0": "x", "1": "S", "2": "x", "3": "x", "4": "x", "5": "x", "6": "x", "7": "x", "8": "x", "9": "x", "10": "x", "11": "x", "12": "x", "13": "x", "14": "x", "15": "x", "16": "x", "17": "x", "18": "x", "19": "x", "20": "x", "21": "x", "22": "x", "23": "x", "24": "x", "25": "x", "26": "x", "27": "x", "28": "x"}, "7": {"0": "i", "1": "i", "2": "x", "3": "x", "4": "x", "5": "x", "6": "x", "7": "x", "8": "x", "9": "x", "10": "x", "11": "x", "12": "x", "13": "x", "14": "x", "15": "x", "16": "x", "17": "x", "18": "x", "19": "x", "20": "x", "21": "x", "22": "x", "23": "x", "24": "x", "25": "x", "26": "x", "27": "x", "28": "x"}, "8": {"0": "iS", "1": "iS", "2": "i", "3": "i", "4": "x", "5": "x", "6": "x", "7": "x", "8": "x", "9": "x", "10": "x", "11": "x", "12": "x", "13": "x", "14": "x", "15": "x", "16": "x", "17": "c", "18": "x", "19": "x", "20": "x", "21": "x", "22": "x", "23": "x", "24": "x", "25": "x", "26": "x", "27": "x", "28": "x"}, "9": {"0": "iS", "1": "iS", "2": "iS", "3": "iS", "4": "i", "5": "i", "6": "x", "7": "x", "8": "x", "9": "x", "10": "x", "11": "x", "12": "x", "13": "x", "14": "x", "15": "x", "16": "x", "17": "x", "18": "x", "19": "x", "20": "x", "21": "x", "22": "x", "23": "x", "24": "x", "25": "G", "26": "x", "27": "x", "28": "x"}, "10": {"0": "iS", "1": "iS", "2": "iS", "3": "iS", "4": "iS", "5": "iS", "6": "i", "7": "i", "8": "x", "9": "x", "10": "x", "11": "x", "12": "x", "13": "x", "14": "x", "15": "x", "16": "x", "17": "x", "18": "x", "19": "x", "20": "x", "21": "x", "22": "i", "23": "i", "24": "i", "25": "i", "26": "i", "27": "i", "28": "i"}, "11": {"0": "iS", "1": "iS", "2": "iS", "3": "iS", "4": "iS", "5": "iS", "6": "iS", "7": "iS", "8": "i", "9": "i", "10": "x", "11": "x", "12": "x", "13": "x", "14": "x", "15": "x", "16": "x", "17": "x", "18": "x", "19": "i", "20": "i", "21": "i", "22": "iS", "23": "iS", "24": "iS", "25": "iS", "26": "iS", "27": "iS", "28": "iS"}, "12": {"0": "iS", "1": "iS", "2": "iS", "3": "iS", "4": "iS", "5": "iS", "6": "iS", "7": "iS", "8": "iS", "9": "iS", "10": "i", "11": "i", "12": "x", "13": "x", "14": "x", "15": "x", "16": "i", "17": "i", "18": "i", "19": "iS", "20": "iS", "21": "iS", "22": "iS", "23": "iS", "24": "iS", "25": "iS", "26": "iS", "27": "iS", "28": "iS"}, "13": {"0": "iS", "1": "iS", "2": "iS", "3": "iS", "4": "iS", "5": "iS", "6": "iS", "7": "iS", "8": "iS", "9": "iS", "10": "iS", "11": "iS", "12": "x", "13": "x", "14": "x", "15": "x", "16": "iS", "17": "iS", "18": "iS", "19": "iS", "20": "iS", "21": "iS", "22": "iS", "23": "iS", "24": "iS", "25": "iS", "26": "iS", "27": "iS", "28": "iS"}, "14": {"0": "iS", "1": "iS", "2": "iS", "3": "iS", "4": "iS", "5": "iS", "6": "iS", "7": "iS", "8": "iS", "9": "iS", "10": "iS", "11": "iS", "12": "x", "13": "x", "14": "x", "15": "x", "16": "iS", "17": "iS", "18": "iS", "19": "iS", "20": "iS", "21": "iS", "22": "iS", "23": "iS", "24": "iS", "25": "iS", "26": "iS", "27": "iS", "28": "iS"}, "15": {"0": "iS", "1": "iS", "2": "iS", "3": "iS", "4": "iS", "5": "iS", "6": "iS", "7": "iS", "8": "iS", "9": "iS", "10": "iS", "11": "iS", "12": "x", "13": "x", "14": "x", "15": "x", "16": "iS", "17": "iS", "18": "iS", "19": "iS", "20": "iS", "21": "iS", "22": "iS", "23": "iS", "24": "iS", "25": "iS", "26": "iS", "27": "iS", "28": "iS"}}}