{"dificultad": "facil", "tiempo": 100, "next_level": "obstaculos 2", "record": {"puntos": 1542, "dorados": [], "bonus": false, "tiempo": 48.602000000000274}, "mapa": {"0": {"0": "x", "1": "x", "2": "x", "3": "x", "4": "x", "5": "x", "6": "x", "7": "x", "8": "x", "9": "x", "10": "x", "11": "x", "12": "x", "13": "x", "14": "x", "15": "x", "16": "x", "17": "x", "18": "x", "19": "x", "20": "x", "21": "x", "22": "x", "23": "x", "24": "x", "25": "x", "26": "x", "27": "x", "28": "x"}, "1": {"0": "x", "1": "x", "2": "x", "3": "x", "4": "x", "5": "x", "6": "x", "7": "x", "8": "x", "9": "x", "10": "x", "11": "x", "12": "x", "13": "x", "14": "x", "15": "x", "16": "x", "17": "x", "18": "x", "19": "x", "20": "x", "21": "x", "22": "x", "23": "x", "24": "x", "25": "x", "26": "x", "27": "x", "28": "x"}, "2": {"0": "x", "1": "x", "2": "x", "3": "x", "4": "x", "5": "x", "6": "x", "7": "x", "8": "x", "9": "x", "10": "x", "11": "x", "12": "x", "13": "x", "14": "x", "15": "x", "16": "x", "17": "x", "18": "x", "19": "x", "20": "x", "21": "x", "22": "x", "23": "x", "24": "x", "25": "x", "26": "x", "27": "x", "28": "x"}, "3": {"0": "x", "1": "x", "2": "x", "3": "x", "4": "x", "5": "x", "6": "x", "7": "x", "8": "x", "9": "x", "10": "x", "11": "x", "12": "x", "13": "x", "14": "x", "15": "x", "16": "x", "17": "x", "18": "x", "19": "x", "20": "x", "21": "x", "22": "x", "23": "x", "24": "x", "25": "x", "26": "x", "27": "x", "28": "x"}, "4": {"0": "x", "1": "x", "2": "x", "3": "x", "4": "x", "5": "x", "6": "x", "7": "x", "8": "x", "9": "x", "10": "x", "11": "x", "12": "x", "13": "x", "14": "x", "15": "x", "16": "x", "17": "x", "18": "x", "19": "x", "20": "x", "21": "x", "22": "x", "23": "x", "24": "x", "25": "x", "26": "x", "27": "x", "28": "x"}, "5": {"0": "x", "1": "x", "2": "x", "3": "x", "4": "x", "5": "x", "6": "x", "7": "x", "8": "x", "9": "x", "10": "x", "11": "x", "12": "x", "13": "x", "14": "x", "15": "x", "16": "x", "17": "x", "18": "x", "19": "x", "20": "x", "21": "x", "22": "x", "23": "x", "24": "x", "25": "x", "26": "x", "27": "x", "28": "x"}, "6": {"0": "x", "1": "x", "2": "x", "3": "x", "4": "x", "5": "x", "6": "x", "7": "x", "8": "x", "9": "x", "10": "x", "11": "x", "12": "x", "13": "x", "14": "x", "15": "x", "16": "x", "17": "x", "18": "x", "19": "x", "20": "x", "21": "x", "22": "x", "23": "x", "24": "x", "25": "x", "26": "x", "27": "x", "28": "x"}, "7": {"0": "x", "1": "x", "2": "x", "3": "x", "4": "x", "5": "x", "6": "x", "7": "x", "8": "x", "9": "x", "10": "x", "11": "x", "12": "x", "13": "x", "14": "x", "15": "x", "16": "x", "17": "x", "18": "x", "19": "x", "20": "x", "21": "x", "22": "x", "23": "x", "24": "x", "25": "x", "26": "x", "27": "x", "28": "x"}, "8": {"0": "x", "1": "x", "2": "x", "3": "x", "4": "x", "5": "x", "6": "x", "7": "x", "8": "x", "9": "x", "10": "x", "11": "x", "12": "x", "13": "x", "14": "x", "15": "c", "16": "x", "17": "x", "18": "x", "19": "x", "20": "x", "21": "x", "22": "x", "23": "x", "24": "x", "25": "x", "26": "x", "27": "x", "28": "x"}, "9": {"0": "x", "1": "x", "2": "x", "3": "x", "4": "x", "5": "x", "6": "x", "7": "x", "8": "x", "9": "x", "10": "x", "11": "x", "12": "x", "13": "x", "14": "x", "15": "x", "16": "x", "17": "x", "18": "x", "19": "x", "20": "x", "21": "x", "22": "x", "23": "x", "24": "x", "25": "x", "26": "x", "27": "G", "28": "x"}, "10": {"0": "x", "1": "x", "2": "x", "3": "x", "4": "x", "5": "x", "6": "x", "7": "x", "8": "x", "9": "x", "10": "x", "11": "x", "12": "x", "13": "x", "14": "x", "15": "x", "16": "x", "17": "x", "18": "x", "19": "x", "20": "x", "21": "x", "22": "x", "23": "x", "24": "f", "25": "f", "26": "i", "27": "i", "28": "i"}, "11": {"0": "x", "1": "x", "2": "x", "3": "x", "4": "x", "5": "x", "6": "x", "7": "x", "8": "x", "9": "x", "10": "x", "11": "x", "12": "x", "13": "x", "14": "x", "15": "x", "16": "x", "17": "x", "18": "x", "19": "x", "20": "x", "21": "x", "22": "x", "23": "f", "24": "fS", "25": "fS", "26": "iS", "27": "iS", "28": "iS"}, "12": {"0": "x", "1": "x", "2": "x", "3": "x", "4": "x", "5": "x", "6": "x", "7": "x", "8": "x", "9": "x", "10": "x", "11": "x", "12": "x", "13": "f", "14": "i", "15": "i", "16": "i", "17": "x", "18": "x", "19": "x", "20": "x", "21": "i", "22": "i", "23": "iS", "24": "iS", "25": "iS", "26": "iS", "27": "iS", "28": "iS"}, "13": {"0": "x", "1": "S", "2": "x", "3": "x", "4": "x", "5": "x", "6": "x", "7": "x", "8": "x", "9": "x", "10": "x", "11": "x", "12": "f", "13": "fS", "14": "iS", "15": "iS", "16": "iS", "17": "x", "18": "x", "19": "x", "20": "x", "21": "iS", "22": "iS", "23": "iS", "24": "iS", "25": "iS", "26": "iS", "27": "iS", "28": "iS"}, "14": {"0": "i", "1": "i", "2": "i", "3": "i", "4": "f", "5": "f", "6": "f", "7": "f", "8": "i", "9": "i", "10": "i", "11": "f", "12": "fS", "13": "fS", "14": "iS", "15": "iS", "16": "iS", "17": "x", "18": "x", "19": "x", "20": "x", "21": "iS", "22": "iS", "23": "iS", "24": "iS", "25": "iS", "26": "iS", "27": "iS", "28": "iS"}, "15": {"0": "iS", "1": "iS", "2": "iS", "3": "iS", "4": "fS", "5": "fS", "6": "fS", "7": "fS", "8": "iS", "9": "iS", "10": "iS", "11": "fS", "12": "fS", "13": "fS", "14": "iS", "15": "iS", "16": "iS", "17": "x", "18": "x", "19": "x", "20": "x", "21": "iS", "22": "iS", "23": "iS", "24": "iS", "25": "iS", "26": "iS", "27": "iS", "28": "iS"}}}