{"dificultad": "facil", "tiempo": 100, "next_level": "level13", "record": {"puntos": 4247, "dorados": [1, 2, 0], "bonus": true, "tiempo": 33.30299999999901}, "mapa": {"0": {"0": "x", "1": "x", "2": "x", "3": "x", "4": "x", "5": "x", "6": "x", "7": "x", "8": "x", "9": "A", "10": "x", "11": "x", "12": "x", "13": "d", "14": "x", "15": "x", "16": "x", "17": "G", "18": "x", "19": "x"}, "1": {"0": "x", "1": "x", "2": "x", "3": "x", "4": "x", "5": "x", "6": "x", "7": "x", "8": "x", "9": "x", "10": "x", "11": "x", "12": "x", "13": "x", "14": "i", "15": "i", "16": "i", "17": "i", "18": "i", "19": "i"}, "2": {"0": "x", "1": "x", "2": "x", "3": "x", "4": "x", "5": "x", "6": "x", "7": "x", "8": "x", "9": "x", "10": "x", "11": "x", "12": "x", "13": "x", "14": "x", "15": "x", "16": "x", "17": "x", "18": "x", "19": "x"}, "3": {"0": "x", "1": "x", "2": "x", "3": "x", "4": "x", "5": "x", "6": "x", "7": "x", "8": "d", "9": "x", "10": "x", "11": "x", "12": "x", "13": "c", "14": "x", "15": "d", "16": "x", "17": "x", "18": "x", "19": "x"}, "4": {"0": "x", "1": "x", "2": "x", "3": "x", "4": "x", "5": "x", "6": "x", "7": "x", "8": "x", "9": "i", "10": "x", "11": "x", "12": "x", "13": "x", "14": "x", "15": "x", "16": "x", "17": "x", "18": "x", "19": "x"}, "5": {"0": "x", "1": "x", "2": "x", "3": "x", "4": "x", "5": "x", "6": "x", "7": "x", "8": "x", "9": "i", "10": "x", "11": "x", "12": "x", "13": "i", "14": "i", "15": "x", "16": "x", "17": "x", "18": "x", "19": "x"}, "6": {"0": "S", "1": "x", "2": "x", "3": "ws", "4": "x", "5": "x", "6": "x", "7": "x", "8": "x", "9": "x", "10": "x", "11": "x", "12": "x", "13": "x", "14": "iS", "15": "x", "16": "x", "17": "x", "18": "x", "19": "x"}, "7": {"0": "i", "1": "i", "2": "x", "3": "x", "4": "x", "5": "x", "6": "x", "7": "x", "8": "x", "9": "x", "10": "x", "11": "i", "12": "x", "13": "x", "14": "x", "15": "x", "16": "x", "17": "x", "18": "x", "19": "x"}, "8": {"0": "x", "1": "iS", "2": "x", "3": "x", "4": "x", "5": "x", "6": "x", "7": "x", "8": "x", "9": "x", "10": "x", "11": "x", "12": "x", "13": "x", "14": "x", "15": "x", "16": "x", "17": "x", "18": "x", "19": "x"}, "9": {"0": "x", "1": "iS", "2": "x", "3": "x", "4": "x", "5": "x", "6": "x", "7": "x", "8": "x", "9": "x", "10": "x", "11": "ws", "12": "x", "13": "x", "14": "x", "15": "x", "16": "x", "17": "x", "18": "x", "19": "x"}, "10": {"0": "x", "1": "iS", "2": "i", "3": "i", "4": "x", "5": "x", "6": "x", "7": "x", "8": "x", "9": "i", "10": "i", "11": "i", "12": "i", "13": "x", "14": "x", "15": "x", "16": "x", "17": "x", "18": "x", "19": "x"}, "11": {"0": "x", "1": "x", "2": "x", "3": "iS", "4": "x", "5": "x", "6": "O", "7": "p", "8": "x", "9": "iS", "10": "x", "11": "x", "12": "x", "13": "x", "14": "x", "15": "x", "16": "x", "17": "x", "18": "x", "19": "x"}, "12": {"0": "x", "1": "x", "2": "x", "3": "iS", "4": "i", "5": "i", "6": "i", "7": "i", "8": "i", "9": "iS", "10": "x", "11": "x", "12": "x", "13": "x", "14": "x", "15": "x", "16": "x", "17": "x", "18": "x", "19": "x"}, "13": {"0": "x", "1": "x", "2": "x", "3": "x", "4": "x", "5": "x", "6": "x", "7": "x", "8": "x", "9": "x", "10": "x", "11": "x", "12": "x", "13": "x", "14": "x", "15": "x", "16": "x", "17": "x", "18": "x", "19": "x"}, "14": {"0": "x", "1": "x", "2": "x", "3": "x", "4": "x", "5": "x", "6": "x", "7": "x", "8": "x", "9": "x", "10": "x", "11": "x", "12": "x", "13": "x", "14": "x", "15": "x", "16": "x", "17": "x", "18": "x", "19": "x"}}}